--
-- PostgreSQL database dump
--

\restrict sPwQ5sNjM2GEPGdaxOEgjzhoS6RkFdbcVdfFaGfTKuPsF6NyTuWH6tpW7HAUfTe

-- Dumped from database version 15.15 (Debian 15.15-1.pgdg13+1)
-- Dumped by pg_dump version 15.15 (Debian 15.15-1.pgdg13+1)

SET statement_timeout = 0;
SET lock_timeout = 0;
SET idle_in_transaction_session_timeout = 0;
SET client_encoding = 'UTF8';
SET standard_conforming_strings = on;
SELECT pg_catalog.set_config('search_path', '', false);
SET check_function_bodies = false;
SET xmloption = content;
SET client_min_messages = warning;
SET row_security = off;

SET default_tablespace = '';

SET default_table_access_method = heap;

--
-- Name: cities; Type: TABLE; Schema: public; Owner: postgres
--

CREATE TABLE public.cities (
    id integer NOT NULL,
    provider_id integer,
    country_id integer,
    uid integer,
    name character varying NOT NULL,
    lat double precision,
    lng double precision,
    zoom integer,
    bounds_sw_lat double precision,
    bounds_sw_lng double precision,
    bounds_ne_lat double precision,
    bounds_ne_lng double precision,
    booked_bikes integer,
    available_bikes integer
);


ALTER TABLE public.cities OWNER TO postgres;

--
-- Name: cities_id_seq; Type: SEQUENCE; Schema: public; Owner: postgres
--

CREATE SEQUENCE public.cities_id_seq
    AS integer
    START WITH 1
    INCREMENT BY 1
    NO MINVALUE
    NO MAXVALUE
    CACHE 1;


ALTER TABLE public.cities_id_seq OWNER TO postgres;

--
-- Name: cities_id_seq; Type: SEQUENCE OWNED BY; Schema: public; Owner: postgres
--

ALTER SEQUENCE public.cities_id_seq OWNED BY public.cities.id;


--
-- Name: countries; Type: TABLE; Schema: public; Owner: postgres
--

CREATE TABLE public.countries (
    id integer NOT NULL,
    iso character varying,
    name character varying,
    currency character varying,
    timezone character varying,
    calling_code character varying
);


ALTER TABLE public.countries OWNER TO postgres;

--
-- Name: countries_id_seq; Type: SEQUENCE; Schema: public; Owner: postgres
--

CREATE SEQUENCE public.countries_id_seq
    AS integer
    START WITH 1
    INCREMENT BY 1
    NO MINVALUE
    NO MAXVALUE
    CACHE 1;


ALTER TABLE public.countries_id_seq OWNER TO postgres;

--
-- Name: countries_id_seq; Type: SEQUENCE OWNED BY; Schema: public; Owner: postgres
--

ALTER SEQUENCE public.countries_id_seq OWNED BY public.countries.id;


--
-- Name: planning_proposals; Type: TABLE; Schema: public; Owner: postgres
--

CREATE TABLE public.planning_proposals (
    id integer NOT NULL,
    city_name character varying NOT NULL,
    lat double precision NOT NULL,
    lng double precision NOT NULL,
    radius integer NOT NULL,
    score integer NOT NULL,
    score_label character varying NOT NULL,
    stations_in_radius integer,
    nearest_station character varying,
    nearest_distance_m integer,
    bus_stops integer,
    railway_stations integer,
    schools integer,
    universities integer,
    shops integer,
    is_best boolean,
    created_at timestamp with time zone DEFAULT now() NOT NULL
);


ALTER TABLE public.planning_proposals OWNER TO postgres;

--
-- Name: planning_proposals_id_seq; Type: SEQUENCE; Schema: public; Owner: postgres
--

CREATE SEQUENCE public.planning_proposals_id_seq
    AS integer
    START WITH 1
    INCREMENT BY 1
    NO MINVALUE
    NO MAXVALUE
    CACHE 1;


ALTER TABLE public.planning_proposals_id_seq OWNER TO postgres;

--
-- Name: planning_proposals_id_seq; Type: SEQUENCE OWNED BY; Schema: public; Owner: postgres
--

ALTER SEQUENCE public.planning_proposals_id_seq OWNED BY public.planning_proposals.id;


--
-- Name: providers; Type: TABLE; Schema: public; Owner: postgres
--

CREATE TABLE public.providers (
    id integer NOT NULL,
    name character varying NOT NULL,
    domain character varying
);


ALTER TABLE public.providers OWNER TO postgres;

--
-- Name: providers_id_seq; Type: SEQUENCE; Schema: public; Owner: postgres
--

CREATE SEQUENCE public.providers_id_seq
    AS integer
    START WITH 1
    INCREMENT BY 1
    NO MINVALUE
    NO MAXVALUE
    CACHE 1;


ALTER TABLE public.providers_id_seq OWNER TO postgres;

--
-- Name: providers_id_seq; Type: SEQUENCE OWNED BY; Schema: public; Owner: postgres
--

ALTER SEQUENCE public.providers_id_seq OWNED BY public.providers.id;


--
-- Name: station_live_status; Type: TABLE; Schema: public; Owner: postgres
--

CREATE TABLE public.station_live_status (
    id integer NOT NULL,
    station_id integer,
    ts timestamp without time zone,
    bikes_available integer,
    docks_available integer,
    bike_types jsonb
);


ALTER TABLE public.station_live_status OWNER TO postgres;

--
-- Name: station_live_status_id_seq; Type: SEQUENCE; Schema: public; Owner: postgres
--

CREATE SEQUENCE public.station_live_status_id_seq
    AS integer
    START WITH 1
    INCREMENT BY 1
    NO MINVALUE
    NO MAXVALUE
    CACHE 1;


ALTER TABLE public.station_live_status_id_seq OWNER TO postgres;

--
-- Name: station_live_status_id_seq; Type: SEQUENCE OWNED BY; Schema: public; Owner: postgres
--

ALTER SEQUENCE public.station_live_status_id_seq OWNED BY public.station_live_status.id;


--
-- Name: stations; Type: TABLE; Schema: public; Owner: postgres
--

CREATE TABLE public.stations (
    id integer NOT NULL,
    provider_id integer,
    city_id integer,
    external_place_id integer,
    name character varying NOT NULL,
    lat double precision,
    lng double precision,
    capacity integer,
    station_number integer,
    status character varying,
    bikes_available integer,
    docks_available integer,
    updated_at timestamp with time zone,
    active boolean
);


ALTER TABLE public.stations OWNER TO postgres;

--
-- Name: stations_id_seq; Type: SEQUENCE; Schema: public; Owner: postgres
--

CREATE SEQUENCE public.stations_id_seq
    AS integer
    START WITH 1
    INCREMENT BY 1
    NO MINVALUE
    NO MAXVALUE
    CACHE 1;


ALTER TABLE public.stations_id_seq OWNER TO postgres;

--
-- Name: stations_id_seq; Type: SEQUENCE OWNED BY; Schema: public; Owner: postgres
--

ALTER SEQUENCE public.stations_id_seq OWNED BY public.stations.id;


--
-- Name: cities id; Type: DEFAULT; Schema: public; Owner: postgres
--

ALTER TABLE ONLY public.cities ALTER COLUMN id SET DEFAULT nextval('public.cities_id_seq'::regclass);


--
-- Name: countries id; Type: DEFAULT; Schema: public; Owner: postgres
--

ALTER TABLE ONLY public.countries ALTER COLUMN id SET DEFAULT nextval('public.countries_id_seq'::regclass);


--
-- Name: planning_proposals id; Type: DEFAULT; Schema: public; Owner: postgres
--

ALTER TABLE ONLY public.planning_proposals ALTER COLUMN id SET DEFAULT nextval('public.planning_proposals_id_seq'::regclass);


--
-- Name: providers id; Type: DEFAULT; Schema: public; Owner: postgres
--

ALTER TABLE ONLY public.providers ALTER COLUMN id SET DEFAULT nextval('public.providers_id_seq'::regclass);


--
-- Name: station_live_status id; Type: DEFAULT; Schema: public; Owner: postgres
--

ALTER TABLE ONLY public.station_live_status ALTER COLUMN id SET DEFAULT nextval('public.station_live_status_id_seq'::regclass);


--
-- Name: stations id; Type: DEFAULT; Schema: public; Owner: postgres
--

ALTER TABLE ONLY public.stations ALTER COLUMN id SET DEFAULT nextval('public.stations_id_seq'::regclass);


--
-- Data for Name: cities; Type: TABLE DATA; Schema: public; Owner: postgres
--

COPY public.cities (id, provider_id, country_id, uid, name, lat, lng, zoom, bounds_sw_lat, bounds_sw_lng, bounds_ne_lat, bounds_ne_lng, booked_bikes, available_bikes) FROM stdin;
1	1	1	\N	Mainz	\N	\N	\N	\N	\N	\N	\N	\N	\N
32	2	5	1160	Osny	49.0703	2.06327	14	49.0511	2.0577	49.0744	2.075	0	14
155	2	1	1196	Elzach	48.1719	8.08216	12	48.1719	8.0822	48.1719	8.0822	0	0
312	2	10	984	Gumpoldskirchen	48.0413	16.2857	13	48.0413	16.2853	48.0416	16.2857	0	0
326	2	10	998	Wiener Neudorf	48.0844	16.3208	13	48.0777	16.3107	48.091	16.3239	0	12
327	2	10	999	Siebenhirten	48.1302	16.3072	13	48.1302	16.3072	48.1302	16.3072	0	0
328	2	10	1000	Bisamberg	48.3315	16.3637	13	48.3311	16.3619	48.3315	16.3637	0	0
329	2	10	1002	Korneuburg	48.3454	16.332	13	48.3368	16.3168	48.3605	16.3436	0	31
330	2	10	1003	Langenzersdorf	48.3043	16.3631	13	48.2649	16.3555	48.3075	16.41	0	4
331	2	10	1004	Spillern	48.3782	16.2652	13	48.3744	16.2564	48.3782	16.2716	0	8
332	2	10	1005	Sankt Andrä-Wördern	48.3398	16.2349	13	48.2877	16.1928	48.3452	16.2393	0	0
333	2	10	1006	Stockerau	48.386	16.2191	13	48.3829	16.2135	48.386	16.2191	0	3
334	2	10	1007	Leobendorf	48.3755	16.326	13	48.3648	16.3018	48.3774	16.326	0	8
335	2	10	1008	Leopoldsdorf	48.1136	16.3929	13	48.105	16.3929	48.1239	16.4022	0	0
336	2	10	1009	Fischamend-Markt	48.1172	16.6164	13	48.1168	16.615	48.1172	16.6164	0	0
337	2	10	1010	Schwechat	48.1411	16.4797	13	48.1225	16.4797	48.1429	16.5644	0	10
338	2	10	1011	Gablitz	48.2311	16.1486	13	48.229	16.1486	48.2311	16.1541	0	0
340	2	10	1013	Purkersdorf	48.2088	16.1756	13	48.198	16.1756	48.2088	16.2617	0	1
341	2	10	1014	Katzelsdorf	47.7822	16.2692	13	47.7787	16.2474	47.7929	16.2699	0	14
342	2	10	1015	Michelhausen	48.2913	15.9404	13	48.2913	15.9404	48.2942	15.9968	0	4
343	2	10	1017	Engelhartstetten	48.1822	16.886	13	48.1822	16.886	48.2159	16.9354	0	0
344	2	10	1018	Krems an der Donau	48.4086	15.6081	13	48.3935	15.5778	48.4176	15.6652	0	59
345	2	10	1019	Melk	48.2264	15.3486	13	48.2205	15.3262	48.2328	15.3486	0	0
347	2	10	1021	Weißenkirchen in der Wachau	48.3953	15.4677	15	48.3952	15.4677	48.3989	15.4733	0	0
348	2	10	1022	Mautern an der Donau	48.3938	15.577	15	48.3938	15.577	48.3957	15.5778	0	3
349	2	10	1023	Unterloiben	48.3883	15.5417	15	48.3872	15.5417	48.3883	15.5421	0	0
361	2	2	675	Lovesharing (Canary Islands) - Fuerteventura	28.3584	-14.064	7	28.0553	-14.3254	28.4893	-13.8597	0	14
362	2	121	128	Rīga	56.9453	24.1033	12	56.8426	24.0102	57.0212	24.2522	0	0
370	2	1	136	Herne	51.5363	7.21493	10	51.5132	7.1546	51.5627	7.269	0	60
462	2	1	678	Landau in der Pfalz	49.1975	8.11693	12	49.187	8.1049	49.2068	8.1422	0	65
259	2	18	1108	Lennik	50.8055	4.15355	0	50.8055	4.1476	50.8352	4.1556	0	15
260	2	18	1109	Liedekerke	50.8695	4.08888	0	50.8658	4.0889	50.8823	4.0939	0	8
261	2	18	1110	Londerzeel	51.003	4.29654	0	51.003	4.2965	51.0091	4.2983	0	4
262	2	18	1111	Meise	50.9357	4.33019	0	50.934	4.3089	50.9509	4.3312	0	14
263	2	18	1112	Pepingen	50.7583	4.16679	0	50.7583	4.1596	50.7594	4.1668	0	1
264	2	18	1113	Roosdaal	50.8425	4.07641	0	50.8325	4.0764	50.8425	4.0908	0	0
265	2	18	1114	Sint-Pieters-Leeuw	50.7809	4.24833	0	50.7807	4.245	50.791	4.2951	0	8
266	2	18	1115	Ternat	50.8697	4.16008	0	50.8697	4.1601	50.8873	4.1692	0	9
267	2	18	1116	Wemmel	50.9086	4.30564	0	50.9078	4.3056	50.9086	4.3062	0	4
268	2	18	1117	Zaventem	50.8799	4.47451	0	50.8698	4.4745	50.884	4.508	0	12
277	2	16	574	Općina Pitomača	45.9077	17.2622	11	45.9077	17.234	45.9524	17.2622	0	0
279	2	16	870	Vodnjan	44.9551	13.8572	11	44.9311	13.7483	45.0892	13.9416	0	8
280	2	16	921	Općina Plitvička Jezera	44.7887	15.683	10	44.7887	15.683	44.7887	15.683	0	0
281	2	16	953	Grad Vrbovec	45.8838	16.4186	13	45.8741	16.4083	45.8854	16.4186	0	10
282	2	16	1047	Općina Vela Luka	42.9617	16.7187	14	42.96	16.7039	42.968	16.7187	0	9
284	2	16	1050	Grad Varaždinske Toplice	46.2098	16.4231	15	46.2087	16.4231	46.2098	16.4247	0	4
285	2	16	1122	Grad Vrlika	43.9095	16.399	14	43.9095	16.399	43.9095	16.399	0	0
286	2	16	1123	Općina Suhopolje	45.8019	17.4963	14	45.8007	17.4963	45.8019	17.4966	0	1
287	2	16	1133	Općina Svetvinčenat	45.0868	13.8785	13	45.0868	13.8785	45.0868	13.8785	0	0
288	2	16	1189	Grad Čabar	45.5967	14.6488	14	45.5967	14.6459	45.5967	14.6488	0	0
289	2	84	728	Bergamo	45.6986	9.67567	11	45.6608	9.5297	45.7181	9.7089	0	410
290	2	16	337	Ivanic Grad	45.7062	16.3919	15	45.685	16.3523	45.7135	16.4061	0	0
291	2	10	396	Klagenfurt	46.6335	14.3085	12	46.6085	14.2517	46.6564	14.343	0	194
292	2	16	305	Karlovac	45.4905	15.5503	14	45.4825	15.5412	45.4939	15.562	0	0
293	2	1	14	Köln	50.9429	6.95649	12	50.6895	6.6766	51.0521	7.1962	23	2119
303	2	10	184	Laa an der Thaya	48.7196	16.3878	13	48.7196	16.3848	48.7231	16.4027	0	0
440	2	45	1174	Valašské Meziříčí	49.4718	17.9711	11	49.4553	17.9489	49.4846	18.0068	0	74
444	2	45	1192	Poličná	49.4741	18.0444	11	49.4659	17.9396	49.4741	18.0444	0	12
445	2	1	194	Heidelberg	49.4023	8.67577	12	49.3093	8.6282	49.4337	8.7611	0	533
446	2	1	195	Mannheim	49.4869	8.45638	12	49.4518	8.4564	49.5455	8.5631	2	611
51	2	2	841	Hospitalet de Llobregat	41.367	2.1162	11	41.3443	2.0914	41.3757	2.1338	0	342
166	2	1	1207	Kirchzarten	47.9648	7.9668	12	47.9648	7.9668	47.9648	7.9668	0	0
167	2	1	1208	Merzhausen	47.9661	7.83968	12	47.9661	7.8397	47.9661	7.8397	0	0
168	2	1	1209	Schallstadt	47.9598	7.74042	12	47.9598	7.7404	47.9598	7.7404	0	0
169	2	1	1210	Staufen im Breisgau	47.8827	7.74158	12	47.8827	7.7416	47.8827	7.7416	0	0
196	2	1	884	Kehl	48.5809	7.82389	11	48.5318	7.7592	48.5841	7.875	0	43
197	2	1	885	Achern	48.6322	8.04194	11	48.6249	8.0419	48.6332	8.0843	0	14
198	2	1	886	Rheinau	48.6554	7.93804	11	48.6544	7.9284	48.675	7.9429	0	11
199	2	1	1087	Seelbach	48.3113	7.93963	11	48.2914	7.9396	48.3113	7.9509	0	11
200	2	2	1052	Logroño	42.4628	-2.44501	10	42.4506	-2.4819	42.4744	-2.408	0	233
201	2	2	914	Santander	43.4615	-3.82418	7	43.4393	-3.8714	43.4822	-3.7759	0	182
202	2	2	408	Las Palmas de Gran Canaria	28.1236	-15.4366	13	28.0691	-15.4791	28.1565	-15.4129	0	329
203	2	16	734	Osijek	45.5525	18.6965	15	45.5016	18.5877	45.577	18.7453	0	88
210	2	84	839	Senigallia	43.7603	13.1139	9	43.6772	13.1139	43.7603	13.2877	0	125
218	2	1	635	Rastatt	48.86	8.20386	12	48.8441	8.1345	48.8831	8.2298	0	78
219	2	1	722	Gaggenau	48.8039	8.3233	11	48.7814	8.3037	48.8152	8.3449	0	11
233	2	16	743	Općina Otok Dalmatinski	43.6889	16.7361	14	43.6889	16.7361	43.6889	16.7361	0	0
234	2	16	744	Sinj	43.7031	16.6364	13	43.7031	16.6364	43.7031	16.6364	0	0
235	2	16	766	Općina Podstrana	43.4934	16.5598	13	43.4835	16.533	43.5036	16.5598	0	21
236	2	16	802	Trogir	43.5234	16.2476	13	43.5061	16.2439	43.5234	16.2925	0	41
250	2	18	1099	Affligem	50.9112	4.11405	0	50.9112	4.112	50.9123	4.1141	0	4
251	2	18	1100	Asse	50.9106	4.20084	0	50.89	4.2007	50.9334	4.2746	0	30
252	2	18	1101	Beersel	50.7672	4.30666	0	50.7519	4.2669	50.7672	4.3067	0	14
253	2	18	1102	Dilbeek	50.8432	4.25952	0	50.8432	4.2454	50.8684	4.2735	0	19
254	2	18	1103	Galmaarden	50.7498	3.97382	0	50.7435	3.9673	50.7498	3.9738	0	6
255	2	18	1104	Gooik	50.7769	4.12191	0	50.7735	4.0629	50.7769	4.1219	0	4
256	2	18	1105	Grimbergen	50.9355	4.36687	0	50.902	4.3477	50.9359	4.3669	0	18
257	2	18	1106	Halle	50.7336	4.23103	0	50.7148	4.221	50.7508	4.2669	0	6
258	2	18	1107	Kampenhout	50.9413	4.55769	0	50.9186	4.5499	50.9553	4.5945	0	15
447	2	1	266	Ludwigshafen	49.4741	8.43287	13	49.4435	8.3272	49.5075	8.4558	0	292
450	2	1	382	Worms	49.6394	8.34618	12	49.6294	8.3446	49.6398	8.3757	0	69
452	2	1	398	Kaiserslautern	49.4413	7.75566	12	49.424	7.6623	49.4536	7.7993	0	197
156	2	1	1197	Kenzingen	48.197	7.75415	12	48.197	7.7542	48.197	7.7542	0	0
157	2	1	1198	Reute	48.0817	7.8237	12	48.0817	7.8237	48.0817	7.8237	0	0
158	2	1	1199	Sexau	48.0933	7.89394	12	48.0933	7.8939	48.0933	7.8939	0	0
159	2	1	1200	Vörstetten	48.0651	7.84639	12	48.0651	7.8464	48.0651	7.8464	0	0
160	2	1	1201	Bad Krozingen	47.9195	7.6896	12	47.9195	7.6896	47.9195	7.6896	0	0
161	2	1	1202	Bötzingen	48.0694	7.70804	12	48.0694	7.708	48.0694	7.708	0	0
162	2	1	1203	Ebringen	47.9567	7.78535	12	47.9567	7.7854	47.9567	7.7854	0	0
163	2	1	1204	Gewerbepark	47.9023	7.62821	12	47.9023	7.6282	47.9023	7.6282	0	0
164	2	1	1205	Gottenheim	48.0502	7.71799	12	48.0502	7.718	48.0502	7.718	0	0
165	2	1	1206	Gundelfingen	48.042	7.86446	12	48.042	7.8645	48.042	7.8645	0	0
350	2	10	1024	Emmersdorf an der Donau	48.2411	15.3408	15	48.2411	15.3408	48.2442	15.3413	0	0
351	2	10	1025	Mühldorf	48.3758	15.3448	15	48.3758	15.3448	48.3758	15.3448	0	0
352	2	10	1026	Dürnstein	48.3973	15.519	15	48.3905	15.5187	48.3973	15.5236	0	0
353	2	10	1027	Spitz	48.3628	15.4157	15	48.3617	15.4157	48.3652	15.4174	0	0
354	2	10	1028	Aggsbach	48.2964	15.41	13	48.2916	15.4046	48.2981	15.41	0	0
355	2	10	1182	Böheimkirchen	48.1978	15.7628	13	48.1896	15.7542	48.2003	15.7733	0	9
356	2	1	867	Schkeuditz	51.3951	12.226	11	51.3519	12.1842	51.405	12.3143	0	16
357	2	1	1	Leipzig	51.3435	12.3637	11	51.1744	12.2837	51.4094	12.4424	3	1335
358	2	45	1151	Lovosice	50.5147	14.0542	11	50.5072	14.039	50.5196	14.0736	0	0
359	2	2	638	Lovesharing (Canary Islands) - Gran Canaria	27.8154	-15.5182	11	27.7406	-15.7583	27.8246	-15.5182	0	14
360	2	2	674	Lovesharing (Canary Islands) - Lanzarote	29.0491	-13.5729	7	28.8658	-13.8381	29.0491	-13.5097	0	4
465	2	1	864	Walldorf	49.3058	8.64246	13	49.2894	8.6352	49.3135	8.6639	0	77
466	2	1	911	Schriesheim	49.4737	8.65799	12	49.4729	8.658	49.4737	8.6601	0	7
469	2	45	769	Vrchlabí	50.6222	15.6126	12	50.5987	15.603	50.6609	15.6592	0	0
471	2	10	773	Kufstein	47.583	12.1692	14	47.571	12.1509	47.594	12.1883	0	13
472	2	16	328	Vukovar	45.3575	18.9895	12	45.3518	18.9644	45.3782	19.0028	0	0
474	2	1	794	Winsen (Luhe)	53.3547	10.2067	15	53.3304	10.1859	53.3799	10.2379	0	74
478	2	1	7	Wiesbaden	50.0739	8.24181	11	50.0585	8.2162	50.0957	8.2737	0	183
481	2	10	748	Wien	48.2089	16.3787	11	48.1298	15.6222	48.2915	16.5111	0	3433
483	2	45	792	Trutnov	50.5518	15.9336	11	50.4339	15.814	50.5956	15.98	0	0
484	2	45	865	Moravská Třebová	49.7573	16.6635	13	49.7447	16.6272	49.7736	16.675	0	0
6720	2	18	1226	Antwerp	51.255	4.40277	0	51.255	4.4028	51.255	4.4028	0	0
35	2	5	1163	Cergy	49.0352	2.06109	14	49.0308	2.0097	49.0528	2.0836	0	123
52	2	2	842	Cornellà de Llobregat	41.3585	2.07081	13	41.3482	2.0627	41.3666	2.0904	0	156
53	2	2	843	Santa Coloma de Gramenet	41.4459	2.21033	13	41.4418	2.1338	41.5384	2.2182	0	135
54	2	2	844	El Prat de Llobregat	41.3239	2.09317	13	41.2873	2.0836	41.331	2.1035	0	133
55	2	2	845	Castelldefels	41.2816	1.97678	13	41.2654	1.9438	41.2894	1.9927	0	161
56	2	2	846	Viladecans	41.3165	2.01306	13	41.3033	2.0022	41.3225	2.0315	0	168
57	2	2	847	Sant Feliu de Llobregat	41.3835	2.03693	13	41.379	2.0369	41.3923	2.0548	0	138
58	2	2	848	Esplugues de Llobregat	41.3771	2.08938	14	41.3711	2.0801	41.3828	2.1002	0	85
83	2	34	771	Gorizia	45.9469	13.6208	14	45.9333	13.607	45.9469	13.6246	0	6
84	2	34	688	Nova Gorica	45.9554	13.6066	11	45.9418	13.6066	45.9748	13.6881	0	49
85	2	34	1180	Šempeter - Vrtojba	45.9285	13.644	11	45.9285	13.6402	45.9285	13.644	0	5
86	2	34	725	Zagorje ob Savi	46.1392	14.9785	12	46.1207	14.9292	46.1537	15.0058	0	28
87	2	16	415	Velika Gorica	45.7161	16.0683	14	45.7161	16.0683	45.7161	16.0683	0	0
88	2	39	88	Sursee Plus	47.1713	8.10877	14	47.1555	8.058	47.1995	8.1388	0	110
380	2	39	1186	Felsberg	46.8448	9.47309	12	46.8431	9.4662	46.8448	9.4815	0	24
381	2	39	1191	Landquart	46.9628	9.55726	12	46.9574	9.5537	46.9681	9.5634	0	29
382	2	1	943	Halle (Saale)	51.4938	11.9628	8	51.4268	11.8823	51.5193	12.0674	0	440
383	2	45	869	Česká Třebová	49.9041	16.4428	13	49.8863	16.4324	49.9245	16.4739	0	0
401	2	1	817	REVG	50.8493	6.6687	9	50.7377	6.551	51.0414	7.0471	0	560
414	2	45	660	Brno	49.1844	16.5976	10	49.1366	16.4978	49.2812	16.6945	0	604
415	2	45	767	Kuřim	49.2994	16.5368	13	49.2934	16.5018	49.3183	16.5628	0	36
416	2	45	768	Dvůr Králové	50.4278	15.8162	12	50.4131	15.7871	50.4478	15.8527	0	0
417	2	45	661	Praha	50.0942	14.4141	9	50.0006	14.2799	50.1627	14.5811	0	1213
418	2	45	736	Říčany	49.9976	14.6685	12	49.9632	14.6326	50.012	14.7038	0	0
419	2	45	1054	Praha 22	50.0328	14.594	13	50.0173	14.5783	50.0504	14.6281	0	0
463	2	1	684	Neustadt an der Weinstraße	49.3448	8.14902	12	49.341	8.1208	49.3716	8.1837	0	65
464	2	1	747	Limburgerhof	49.4205	8.3922	13	49.4128	8.39	49.423	8.3947	0	30
470	2	45	1083	Lánov	50.6205	15.6533	14	50.6205	15.6533	50.6406	15.6596	0	0
473	2	1	1170	Welo	50.7147	7.12875	10	50.5921	6.7872	51.6176	7.6064	0	1811
477	2	84	1084	nextCity	40.3523	18.1652	11	40.3459	18.1652	40.3664	18.2105	0	9
304	2	10	212	Hollabrunn	48.562	16.0785	13	48.562	16.073	48.5633	16.0905	0	0
305	2	10	395	Groß-Enzersdorf	48.1991	16.5511	15	48.1896	16.5455	48.1996	16.5511	0	0
306	2	10	414	Amstetten	48.1218	14.8774	11	48.0748	14.8048	48.1274	14.8836	0	24
307	2	10	979	Bad Deutsch-Altenburg	48.1298	16.9016	13	48.1298	16.9016	48.1398	16.9104	0	0
308	2	10	980	Hainburg an der Donau	48.1465	16.9472	13	48.1465	16.9412	48.1477	16.9472	0	0
309	2	10	981	Petronell-Carnuntum	48.1129	16.8654	13	48.1059	16.8576	48.1129	16.8676	0	0
310	2	10	982	Bad Vöslau	47.9659	16.2158	13	47.9655	16.2138	47.9689	16.2235	0	0
311	2	10	983	Baden bei Wien	47.9994	16.2269	13	47.9994	16.2269	48.0081	16.2541	0	0
420	2	45	1085	Rudná	50.0337	14.233	13	50.0243	14.2124	50.0393	14.2431	0	0
421	2	45	663	Olomouc	49.5929	17.2459	11	49.5535	16.9621	49.8286	17.2913	0	145
422	2	45	662	Opava	49.9503	17.8926	10	49.9118	17.8562	49.9786	17.9474	0	0
423	2	45	659	Kladno	50.1435	14.1082	12	50.1181	13.9504	50.183	14.1372	0	0
424	2	45	682	Hradec Králové	50.2079	15.8334	13	50.1552	15.7764	50.239	15.942	0	294
425	2	45	1140	Týniště n. O./ Albrechtice n. O.	50.1475	16.0732	11	50.1405	16.0522	50.1558	16.0844	0	39
426	2	45	271	Ostrava	49.8344	18.2823	11	49.7463	18.1135	49.9052	18.3638	0	877
427	2	45	681	Mladá Boleslav	50.4278	14.8999	12	50.3858	14.8814	50.449	14.9784	0	244
428	2	45	704	Mnichovo Hradiště	50.5218	14.9741	14	50.5102	14.9609	50.5368	14.9844	0	42
429	2	45	702	Uherské Hradiště	49.0833	17.3938	13	49.0378	17.3938	49.0889	17.5045	0	62
430	2	45	1092	Kunovice	49.045	17.4701	11	49.0362	17.4581	49.0517	17.4758	0	8
431	2	45	863	Třebíč	49.2142	15.878	11	49.2003	15.8458	49.2261	15.9013	0	94
432	2	45	703	Zlín	49.238	17.6788	11	49.2041	17.5694	49.2702	17.7464	0	0
3587	2	45	707	Krnov	50.0703	17.8837	10	50.0468	17.6103	50.1238	17.8837	0	121
433	2	45	708	Rychnovsko	50.1668	16.2828	11	50.1417	16.2532	50.2062	16.3202	0	0
434	2	45	709	Písek	49.3051	14.1463	13	49.2707	14.1128	49.328	14.1943	0	0
435	2	45	876	Jablonec nad Nisou	50.7225	15.1681	12	50.712	15.1473	50.7452	15.1906	0	0
436	2	45	888	Hořice	50.3675	15.6329	13	50.3566	15.6289	50.371	15.6423	0	0
437	2	114	243	Stirling	56.1195	-3.93495	7	56.119	-3.9572	56.1567	-3.9066	0	65
439	2	114	486	Swansea University	51.606	-3.9243	10	51.5715	-3.9969	51.6304	-3.879	0	60
3	2	1	676	Bergisches e-Bike	51.0192	7.18025	12	50.8427	7.0057	51.1477	7.4025	1	126
4	2	2	835	Mislata	39.4713	-0.412331	13	39.4424	-0.4275	39.488	-0.3468	0	47
36	2	8	950	Alba Iulia	46.0687	23.5746	11	46.0572	23.5567	46.0871	23.5874	0	0
37	2	9	538	Žilina	49.2205	18.7413	8	49.1965	18.7107	49.2392	18.7754	0	0
38	2	10	692	Linz	48.3003	14.2843	12	48.24	14.2768	48.3373	14.3203	0	376
39	2	9	875	Senec	48.2196	17.3978	13	48.2135	17.3876	48.2266	17.4383	0	52
40	2	9	942	Senica	48.676	17.3642	12	48.6627	17.3391	48.7062	17.4095	0	1
41	2	15	350	Sarajevo	43.85	18.39	13	43.8107	17.9422	44.1929	18.4342	0	1
42	2	15	805	Mostar	43.3439	17.8018	13	43.3289	17.7973	43.3968	17.8818	0	23
43	2	15	1053	Travnik	44.229	17.6441	13	44.2241	17.643	44.2305	17.6731	0	1
44	2	16	248	Šibenik	43.7294	15.9074	13	43.713	15.8844	43.7466	15.9124	0	15
45	2	15	494	Banja Luka	44.775	17.1994	14	44.7577	17.191	44.7808	17.2071	0	0
47	2	1	379	Bremen	53.0821	8.79318	11	53.0274	8.5426	53.2128	8.9638	3	1304
48	2	16	325	Općina Brinje	44.9977	15.1258	13	44.9977	15.1258	45.0057	15.1302	0	0
49	2	2	833	AMB	41.4095	2.17177	11	41.3716	2.1129	41.4485	2.2218	1	77
211	2	84	920	Mondolfo	43.7439	13.1069	13	43.7439	13.0968	43.7776	13.1465	0	12
294	2	1	1042	Konstanz	47.6749	9.16019	12	47.6549	9.1159	47.7459	9.2146	0	163
295	2	45	866	Klášterec nad Ohří	50.386	13.1946	12	50.3744	13.1673	50.3958	13.2022	0	0
296	2	114	320	Milton Keynes	52.0406	-0.759417	13	51.9941	-0.8779	52.2231	-0.653	0	0
297	2	10	57	St. Pölten	48.2058	15.6232	14	48.1668	15.608	48.2261	15.6577	0	235
298	2	10	64	Mödling	48.1047	16.3202	12	48.0711	16.2704	48.1047	16.3202	0	27
299	2	10	143	Tulln an der Donau	48.3269	16.0569	13	48.3196	16.0361	48.333	16.0781	0	49
300	2	10	149	Römerland	48.0909	16.853	10	48.0909	16.853	48.0909	16.853	0	0
301	2	10	156	Wiener Neustadt	47.8167	16.2426	13	47.8112	16.2174	47.8413	16.2629	0	72
302	2	10	165	Herzogenburg	48.1111	15.8176	9	48.1111	15.6953	48.2848	15.8176	0	0
5	2	5	924	Bischheim	48.6561	7.85287	11	48.6116	7.7201	48.6561	7.8529	0	10
6	2	5	925	Entzheim	48.5328	7.63653	14	48.5328	7.6281	48.5472	7.6365	0	6
7	2	5	926	Geispolsheim	48.5387	7.69424	12	48.5212	7.6849	48.5387	7.6942	0	5
9	2	5	928	Illkirch-Graffenstaden	48.5288	7.71118	14	48.5242	7.7076	48.5289	7.7328	0	16
10	2	5	929	La Wantzenau	48.6586	7.83085	14	48.6586	7.825	48.665	7.8309	0	5
11	2	5	930	Lingolsheim	48.5544	7.6823	14	48.5544	7.6782	48.5604	7.6983	0	6
12	2	5	931	Mundolsheim	48.6405	7.71363	14	48.6405	7.7136	48.6454	7.7215	0	9
13	2	5	932	Oberhausbergen	48.604	7.6986	13	48.604	7.6857	48.6056	7.6986	0	5
14	2	5	933	Schiltigheim	48.6051	7.74534	14	48.6051	7.7453	48.6064	7.7498	0	14
15	2	5	934	Strasbourg	48.5245	7.61476	15	48.0945	7.3541	48.6	7.782	0	305
16	2	5	935	Vendenheim	48.6677	7.71326	14	48.6656	7.7133	48.6677	7.7186	0	8
17	2	5	936	Wolfisheim	48.5876	7.66803	14	48.5876	7.668	48.5915	7.6727	0	7
18	2	5	1124	Mulhouse	47.7508	7.33041	14	47.7234	7.2831	47.7767	7.3627	0	409
19	2	5	1125	Rixheim	47.7443	7.39753	14	47.7443	7.3912	47.764	7.4084	0	11
20	2	5	1126	Illzach	47.7787	7.34787	14	47.7664	7.3479	47.7787	7.3636	0	3
21	2	5	1127	Kingersheim	47.7898	7.3305	14	47.7888	7.3152	47.7914	7.3356	0	13
22	2	5	1129	Riedisheim	47.7497	7.36498	14	47.7447	7.365	47.7497	7.3669	0	11
23	2	5	1130	Sausheim	47.7889	7.37307	14	47.7889	7.3709	47.7895	7.3731	0	4
24	2	5	1131	Brunstatt-Didenheim	47.7203	7.31299	14	47.7174	7.302	47.7203	7.3176	0	18
25	2	5	1132	Wittenheim	47.8108	7.33618	14	47.8108	7.3297	47.816	7.3362	0	7
26	2	5	1154	Vauréal	49.0294	2.0231	14	49.0238	2.0197	49.0332	2.0231	0	21
27	2	5	1155	Courdimanche	49.0434	1.99694	14	49.0434	1.9969	49.0455	2.0031	0	5
28	2	5	1156	Neuvílle sur Oise	49.0167	2.06109	14	49.0145	2.0504	49.0264	2.0789	0	0
29	2	5	1157	Eragny sur Oise	49.0211	2.10325	14	49.0174	2.091	49.0323	2.1137	0	30
30	2	5	1158	Saint Ouen l’Aumône	49.045	2.13137	14	49.0338	2.1026	49.0477	2.1314	0	13
31	2	5	1159	Menucourt	49.027	1.9756	14	48.9983	1.8764	49.027	1.982	0	5
46	2	1	362	Berlin	52.5087	13.3563	12	52.4003	13.1533	53.0017	13.721	4	3266
50	2	2	840	Badalona	41.4564	2.25958	14	41.4316	2.2136	41.5735	2.2757	0	294
2	2	2	874	Arteixo	43.4244	-8.42042	9	43.2942	-8.5518	43.4244	-8.4204	0	68
8	2	5	927	Hoenheim	48.6213	7.75424	14	48.6213	7.7542	48.6283	7.7588	0	3
59	2	2	849	Gavà	41.303	2.00269	14	41.2673	1.9905	41.3128	2.0328	0	112
60	2	2	850	Sant Adrià de Besòs	41.4249	2.22403	13	41.4227	2.2179	41.4312	2.2302	0	33
61	2	2	851	Sant Joan Despí	41.368	2.05635	14	41.3627	2.0472	41.3772	2.0739	0	84
62	2	2	852	Molins de Rei	41.4132	2.02037	14	41.4055	2.0116	41.4169	2.0257	0	68
63	2	2	853	Sant Just Desvern	41.3807	2.07496	15	41.3787	2.0597	41.3929	2.0807	0	94
64	2	2	856	Sant Boi de Llobregat	41.3458	2.03404	13	41.3293	2.0234	41.3579	2.0498	0	140
65	2	11	1141	MultisportBike	52.3215	20.1733	7	52.3215	20.1733	52.3215	20.1733	0	0
66	2	8	800	Buzău	45.145	26.8242	13	45.1175	26.7934	45.1685	26.8546	0	13
67	2	2	873	Bilbao	43.2931	-2.98163	10	43.2588	-2.9816	43.2931	-2.9009	0	63
68	2	2	903	Erandio	43.2931	-2.98163	10	43.2907	-2.9851	43.3155	-2.9622	0	25
69	2	2	904	Getxo	43.2931	-2.98163	10	43.2931	-3.0198	43.3782	-2.9816	0	124
70	2	2	905	Leioa	43.2931	-2.98163	10	43.2931	-3.0016	43.335	-2.9816	0	30
71	2	2	906	Santurtzi	43.2931	-2.98163	10	43.2931	-3.0461	43.3375	-2.9816	0	68
72	2	2	907	Barakaldo	43.2931	-2.98163	10	43.2559	-3.0148	43.3024	-2.9734	0	198
73	2	2	908	Sestao	43.3056	-3.00606	14	43.3041	-3.0089	43.3109	-2.9822	0	20
74	2	2	909	Portugalete	43.2931	-2.98163	10	43.2931	-3.0309	43.3236	-2.9816	0	69
75	2	2	910	Berango	43.2931	-2.98163	10	43.2931	-3.0018	43.3684	-2.9816	0	65
76	2	30	916	Barcelos	41.7555	-8.9871	9	41.5208	-8.9871	41.7555	-8.6059	0	191
77	2	2	1134	Boadilla del Monte	40.4151	-3.87817	12	40.3923	-3.9215	40.4449	-3.8636	0	111
78	2	15	427	Zenica	44.2033	17.9184	13	44.1925	17.8998	44.2107	17.942	0	0
79	2	1	508	Berlin-Buch	52.6334	13.496	15	52.5039	13.3443	52.6362	13.5108	0	99
80	2	34	717	Ljubljana	46.0577	14.5013	12	46.0206	14.4474	46.1185	14.6138	0	138
81	2	34	1048	Medvode	46.1367	14.4094	13	46.1348	14.4054	46.1451	14.4136	0	12
82	2	34	1152	Dobrova - Polhov Gradec	46.0561	14.4149	13	46.0526	14.4149	46.0561	14.4201	0	2
128	2	34	645	Štore	46.2192	15.3172	13	46.2192	15.3153	46.2216	15.3172	0	3
212	2	1	8	Frankfurt	50.1219	8.6689	11	50.0564	8.5535	50.1641	8.7364	2	272
213	2	1	21	Karlsruhe	49.0102	8.41827	10	48.9641	8.3062	49.0527	8.4798	9	524
214	2	1	621	Baden-Baden	48.7365	8.30482	11	48.7365	8.1908	48.7905	8.3048	0	29
215	2	1	627	Bruchsal	49.126	8.5968	13	49.1102	8.5595	49.1412	8.5992	0	24
216	2	1	633	Rheinstetten	48.962	8.29575	12	48.959	8.2678	48.982	8.3376	0	10
217	2	1	634	Ettlingen	48.9429	8.39784	12	48.8972	8.3631	48.9617	8.4409	0	105
220	2	16	426	Drniš	43.8425	16.1197	12	43.8425	15.9944	43.9089	16.1722	0	0
221	2	1	807	Erkelenz	51.0753	6.31233	12	51.0749	6.298	51.0832	6.3211	0	12
222	2	1	808	Geilenkirchen	50.9671	6.11886	12	50.9607	6.1089	50.9731	6.1459	0	21
223	2	1	809	Heinsberg	51.0597	6.11849	12	51.0587	6.0917	51.0737	6.3165	0	15
224	2	1	810	Hückelhoven	51.0529	6.21933	12	51.0334	6.2186	51.0593	6.2735	0	6
225	2	1	811	Wegberg	51.1427	6.2813	12	51.1197	6.1948	51.1449	6.2813	0	14
226	2	16	714	Križevci	46.0225	16.5482	14	46.0079	16.5334	46.0392	16.5511	0	51
227	2	93	291	Prishtina	42.6765	21.1667	11	42.6469	21.1251	42.6765	21.178	0	91
228	2	16	445	Općina Dugopolje	43.5872	16.5879	14	43.5639	16.5479	43.6019	16.6523	0	33
229	2	16	617	Split	43.5162	16.4637	12	43.5004	16.4029	43.5342	16.5573	0	343
230	2	16	740	Solin	43.5441	16.4833	12	43.5318	16.465	43.5441	16.5288	0	42
231	2	16	741	Općina Klis	43.5605	16.5269	13	43.5605	16.4873	43.6263	16.5269	0	17
232	2	16	742	Općina Hrvace	43.7553	16.6197	16	43.7553	16.6197	43.7553	16.6197	0	0
363	2	1	129	Dortmund	51.5141	7.46255	10	51.476	7.3347	51.5423	7.5469	0	461
364	2	1	130	Bochum	51.4813	7.2133	10	51.4265	7.1266	51.5097	7.3329	0	693
365	2	1	131	Bottrop	51.5263	6.94611	10	51.51	6.9085	51.5323	6.9461	0	15
366	2	1	132	Duisburg	51.4487	6.77513	10	51.2237	6.706	51.4805	6.8051	0	166
367	2	1	133	Essen	51.4387	7.14094	10	51.3614	6.9372	51.4999	7.1409	0	418
368	2	1	134	Gelsenkirchen	51.5404	7.07039	10	51.4919	6.9703	51.5872	7.1234	0	49
369	2	1	135	Hamm	51.6775	7.84836	10	51.6772	7.8092	51.704	7.8682	0	48
170	2	1	1211	Umkirch	48.0314	7.76042	12	48.0314	7.7604	48.0314	7.7604	0	0
184	2	1	1135	Freital	50.9983	13.6506	11	50.9857	13.6384	51.0006	13.6629	0	29
313	2	10	985	Guntramsdorf	48.0481	16.3093	13	48.0481	16.2981	48.064	16.3138	0	9
314	2	10	986	Kottingbrunn	47.9491	16.2282	13	47.9491	16.2278	47.9507	16.2282	0	0
315	2	10	987	Traiskirchen	48.0149	16.2943	13	48.0149	16.2943	48.0149	16.2943	0	0
316	2	10	988	Pfaffstätten	48.0154	16.2642	13	48.0154	16.2589	48.0184	16.2642	0	0
317	2	10	989	Biedermannsorf	48.083	16.3453	13	48.0826	16.3453	48.083	16.3523	0	1
318	2	10	990	Brunn am Gebirge	48.1084	16.2861	13	48.1047	16.2861	48.114	16.294	0	8
319	2	10	991	Hennersdorf bei Wien	48.1118	16.3586	13	48.1102	16.3584	48.1124	16.3665	0	2
320	2	10	992	Hinterbrühl	48.0799	16.2411	13	48.0799	16.2354	48.0862	16.2553	0	10
323	2	10	995	Perchtoldsdorf	48.1201	16.2711	13	48.1182	16.2636	48.1321	16.2848	0	10
324	2	10	996	Liesing	48.1375	16.2995	13	48.1345	16.2838	48.1375	16.2995	0	7
325	2	10	997	Vösendorf	48.1222	16.3354	13	48.1143	16.3195	48.1357	16.3543	0	7
371	2	1	137	Mülheim a.d.R.	51.4308	6.87401	10	51.3664	6.8241	51.4565	6.9565	0	98
372	2	1	138	Oberhausen	51.4936	6.85169	10	51.4615	6.8104	51.5474	6.887	0	40
373	2	1	859	Lünen	51.6105	7.52776	10	51.5848	7.4371	51.6301	7.5628	0	48
374	2	1	890	Witten	51.4437	7.35093	10	51.4179	7.2813	51.4699	7.4021	0	48
375	2	1	1093	Hattingen	51.4018	7.19097	10	51.3929	7.1639	51.4142	7.2276	0	44
376	2	39	1055	Chur	46.855	9.52427	12	46.8466	9.5022	46.8777	9.5415	0	149
377	2	39	1183	Churwalden	46.7788	9.5435	12	46.7788	9.5435	46.8299	9.5476	0	2
378	2	39	1184	Flims	46.8366	9.28492	12	46.8362	9.2838	46.8366	9.2849	0	1
379	2	39	1185	Malans	46.9809	9.57539	12	46.9809	9.5754	46.9822	9.5763	0	1
454	2	1	469	Weinheim	49.545	8.66027	12	49.5267	8.6337	49.5625	8.6723	0	58
455	2	1	480	Schwetzingen	49.3863	8.5756	13	49.3791	8.555	49.4069	8.5882	0	58
456	2	1	482	Frankenthal (Pfalz)	49.5392	8.35164	12	49.488	8.3173	49.5423	8.369	0	101
457	2	1	484	Eppelheim	49.4025	8.6331	13	49.3913	8.6265	49.4081	8.6331	0	41
459	2	1	558	Heddesheim	49.5062	8.60446	13	49.5047	8.5956	49.5145	8.6335	0	18
460	2	1	559	Lampertheim	49.5971	8.46857	13	49.5944	8.4529	49.6456	8.518	0	32
461	2	1	560	Dossenheim	49.4489	8.67158	14	49.4437	8.6108	49.4727	8.6788	0	74
89	2	39	126	Luzern	47.0472	8.30446	12	47.0312	8.2341	47.0885	8.3533	1	453
90	2	39	323	Hergiswil	46.9905	8.30829	14	46.9813	8.3066	46.9956	8.3148	0	30
91	2	39	383	Stans	46.9593	8.36836	15	46.9551	8.3448	46.9702	8.3829	0	45
92	2	39	388	Stansstad	46.9801	8.34098	15	46.9709	8.3361	47.0031	8.3823	0	30
93	2	39	391	Horw	47.0178	8.31165	14	47.0022	8.3	47.0346	8.3399	0	67
94	2	39	463	Sarnen	46.8963	8.24614	15	46.881	8.2246	46.9471	8.2923	0	70
106	2	39	855	Neuenkirch	47.1024	8.21231	13	47.0706	8.1947	47.1162	8.2211	0	25
107	2	39	857	Emmen	47.0869	8.3166	12	47.0692	8.269	47.1089	8.3205	0	60
108	2	39	861	Büron	47.2228	8.08645	13	47.2121	8.0865	47.2228	8.0945	0	4
109	2	39	1037	Ballwil	47.1531	8.31748	13	47.1466	8.317	47.1535	8.3306	0	12
110	2	39	1038	Eschenbach	47.1321	8.31908	13	47.1248	8.3176	47.1345	8.324	0	8
111	2	39	1039	Inwil	47.1227	8.34875	13	47.1221	8.3464	47.125	8.3538	0	16
112	2	39	1040	Altdorf	46.8828	8.64099	13	46.8712	8.6284	46.8926	8.651	0	37
113	2	39	1041	Buchrain	47.0964	8.34751	13	47.0933	8.3436	47.1075	8.3564	0	20
114	2	39	1059	Ruswil	47.0844	8.12525	13	47.078	8.1125	47.0885	8.136	0	15
115	2	39	1193	Wolhusen	47.0561	8.07255	13	47.0561	8.0726	47.0561	8.0726	0	0
116	2	39	1213	Hohenrain	47.1801	8.31682	14	47.1801	8.3168	47.1801	8.3168	0	0
117	2	39	1215	Rothenburg	47.0929	8.27348	14	47.0929	8.2735	47.0929	8.2735	0	0
118	2	16	425	Jastrebarsko	45.6692	15.6541	14	45.6692	15.6486	45.6723	15.6541	0	0
119	2	34	780	Kranjska Gora	46.4865	13.7903	12	46.4865	13.7903	46.4865	13.7903	0	0
120	2	34	806	Portorož	45.5054	13.5979	15	45.5054	13.5979	45.5054	13.5979	0	0
121	2	16	739	Vinkovci	45.289	18.8057	13	45.2804	18.6808	45.5552	18.8101	0	0
122	2	34	531	Celje	46.237	15.2689	13	46.2118	15.2313	46.2943	15.3216	0	157
125	2	34	556	Polzela	46.2767	15.0753	12	46.2584	15.0753	46.2794	15.0988	0	4
154	2	1	1195	Emmendingen	48.1213	7.84226	12	48.1213	7.8423	48.1213	7.8423	0	0
339	2	10	1012	Hütteldorf	48.2092	16.2708	13	48.2092	16.2708	48.2092	16.2708	0	0
123	2	34	535	Laško	46.1458	15.2312	12	46.0928	15.1878	46.1674	15.3504	0	16
124	2	34	555	Žalec	46.2529	15.1635	13	46.2316	15.1192	46.2654	15.2206	0	22
126	2	34	643	Zreče	46.3751	15.387	14	46.3694	15.3843	46.3778	15.3906	0	8
127	2	34	644	Slovenske Konjice	46.3382	15.4244	14	46.3348	15.4178	46.3404	15.4268	0	10
129	2	34	683	Šentjur	46.2146	15.394	13	46.2067	15.3496	46.2403	15.4395	0	36
130	2	34	821	Vojnik	46.2914	15.3022	12	46.2876	15.3022	46.2914	15.305	0	3
131	2	34	822	Braslovče	46.2812	15.0101	11	46.2812	15.0101	46.2872	15.0406	0	3
132	2	34	952	Sevnica	46.0396	15.392	11	46.006	15.2839	46.0396	15.392	0	8
133	2	45	887	Benešov	49.7808	14.6928	12	49.7651	14.6588	49.7916	14.699	0	0
134	2	45	919	Pelhřimov	49.4351	15.2168	11	49.4133	15.1966	49.4503	15.2416	0	0
135	2	16	416	Sisak	45.4857	16.3778	14	45.4573	16.3657	45.4943	16.386	0	10
136	2	45	1034	OlbramoviceVotice	49.6525	14.6355	12	49.6304	14.6201	49.6751	14.6526	0	0
137	2	16	429	Poreč	45.2292	13.6035	13	45.2144	13.5927	45.2425	13.6035	0	0
138	2	34	922	Radlje ob Dravi	46.6068	15.2188	13	46.6068	15.2188	46.6068	15.2188	0	0
139	2	53	190	Limassol	34.6823	33.0464	9	34.648	32.4414	35.1686	33.6177	0	373
140	2	53	206	Nicosia	35.1671	33.359	14	34.6751	33.0422	35.1808	33.4136	0	202
171	2	1	16	Bielefeld	52.0257	8.53286	12	51.9403	8.4558	52.0958	8.6374	0	660
172	2	1	87	Hannover	52.3721	9.73569	11	52.3192	9.67	52.4332	9.8136	0	486
173	2	1	160	Gütersloh	51.9383	8.33176	10	51.8893	8.3318	51.9383	8.422	0	17
189	2	1	155	Offenburg	48.4721	7.94243	14	48.4582	7.8555	48.5318	7.9655	0	196
190	2	1	505	Lahr	48.3396	7.87376	12	48.3068	7.7976	48.36	7.9226	0	141
191	2	1	878	Friesenheim	48.3776	7.88537	11	48.3734	7.8573	48.4002	7.891	0	14
193	2	1	880	Schutterwald	48.4599	7.87883	11	48.4559	7.8785	48.4727	7.8896	0	8
194	2	1	882	Oberkirch	48.5329	8.06553	11	48.5238	8.0185	48.5449	8.0793	0	14
195	2	1	883	Appenweier	48.5495	7.97274	11	48.5414	7.9727	48.5623	7.9738	0	11
141	2	53	889	Famagusta 	35.0204	33.9704	11	34.6751	33.0406	35.0311	34.0642	0	66
142	2	53	940	Larnaca	34.9296	33.6209	13	34.6795	33.0448	35.1476	33.6929	0	166
143	2	53	957	Paphos	34.8003	32.3506	10	34.6752	32.3506	34.8089	33.0424	0	135
144	2	53	1060	Cap St Georges	34.8936	32.3255	15	34.8936	32.3228	34.8963	32.3255	0	45
145	2	53	1167	Linou	35.0734	32.8931	18	35.0694	32.8898	35.0734	32.8931	0	4
146	2	53	1168	vyzakia	35.0759	32.8931	12	35.0759	32.8931	35.0759	33.0138	0	5
147	2	53	1187	Fasoula	34.7548	32.9907	12	34.7548	32.9907	34.7644	33.0283	0	8
148	2	53	1227	Agios Theodoros	34.801	33.384	7	34.801	33.384	34.801	33.384	0	6
149	2	1	647	Graben	48.1844	10.8243	12	48.0958	10.8243	48.2009	11.5154	0	24
150	2	1	158	Potsdam	52.3997	13.0676	13	52.2318	12.8838	52.4745	13.2686	0	463
151	2	1	50	Düsseldorf	51.2243	6.77204	12	51.1327	6.4803	51.3051	6.9079	4	773
438	2	45	1036	Most	50.5014	13.6361	12	50.4855	13.6195	50.5269	13.6723	0	0
448	2	1	278	Speyer	49.3126	8.45295	12	49.3109	8.4162	49.3471	8.453	0	42
449	2	1	332	Bensheim	49.6803	8.6189	12	49.6714	8.5862	49.7024	8.6222	0	32
451	2	1	392	Bürstadt	49.6461	8.44917	12	49.6391	8.4095	49.6638	8.4967	0	25
453	2	1	448	Heppenheim	49.6431	8.63889	12	49.6293	8.6185	49.6544	8.6432	0	52
152	2	1	619	Freiburg	47.9958	7.84453	12	47.88	7.6231	48.0826	7.9154	0	717
153	2	1	1194	Denzlingen	48.0679	7.89018	12	48.0679	7.8902	48.0679	7.8902	0	0
237	2	16	804	Kaštela	43.568	16.3847	11	43.5463	16.3379	43.568	16.422	0	67
458	2	1	537	Ladenburg	49.4849	8.61491	12	49.4642	8.5864	49.4849	8.6149	0	12
467	2	1	1057	Ilvesheim	49.4747	8.56213	13	49.4707	8.5517	49.4813	8.566	0	12
238	2	16	837	Općina Dicmo	43.6297	16.6015	13	43.6169	16.5936	43.6357	16.6015	0	13
239	2	92	1030	Elliniko	37.8921	23.7446	11	37.8909	23.7287	38.0167	23.7606	0	0
240	2	92	1029	Alimos	37.9181	23.7162	11	37.9052	23.712	37.9244	23.7441	0	0
241	2	92	1031	Glyfada	37.8756	23.7572	11	37.8603	23.7443	37.8908	23.7715	0	1
242	2	92	1095	Palaio Faliro	37.9274	23.7032	11	37.9206	23.6869	37.96	23.724	0	4
243	2	1	536	Lippstadt	51.6755	8.34394	13	51.651	8.2229	51.7134	8.4106	0	133
244	2	1	1144	Anröchte	51.5622	8.32444	13	51.5599	8.3244	51.5622	8.3274	0	5
245	2	1	1145	Bad Sassendorf	51.5887	8.16875	13	51.5677	8.1621	51.6338	8.1893	0	33
246	2	1	1146	Ense	51.4753	8.14112	10	51.4753	7.4571	51.5423	8.1411	0	28
247	2	1	1147	Lippetal	51.6637	8.14311	13	51.6331	8.0381	51.6654	8.1521	0	17
248	2	1	1149	Soest	51.5724	8.10369	13	51.5333	8.0035	51.5889	8.1548	0	188
249	2	16	1172	Grad Zagreb	45.8163	15.985	10	45.748	15.8326	45.8609	16.1097	0	1965
95	2	39	464	Wolfenschiessen	46.9079	8.39767	15	46.8567	8.3673	46.9277	8.3977	0	19
96	2	39	465	Oberdorf-Dallenwil	46.9563	8.38867	15	46.933	8.3824	46.9581	8.3969	0	13
97	2	39	483	Ennetmoos	46.9573	8.3377	16	46.9344	8.3069	46.9573	8.3393	0	3
468	2	1	1058	Edingen-Neckarhausen	49.4454	8.61009	13	49.442	8.5803	49.469	8.615	0	33
98	2	39	489	Meggen	47.0453	8.3769	13	47.042	8.3601	47.0546	8.391	0	12
99	2	39	491	Kriens	47.0346	8.27751	13	47.0262	8.2425	47.037	8.3022	0	34
100	2	39	492	Hochdorf	47.1667	8.29159	14	47.1491	8.2781	47.1863	8.299	0	45
101	2	39	624	Ebikon	47.0812	8.33973	13	47.071	8.3209	47.1041	8.3744	0	47
102	2	39	632	Root	47.1149	8.39008	15	47.1149	8.3901	47.1149	8.3901	0	0
103	2	39	716	Nottwil	47.1357	8.1357	14	47.1307	8.1291	47.1424	8.1401	0	10
104	2	39	738	Eich	47.1521	8.16872	15	47.1508	8.1679	47.1612	8.1783	0	7
105	2	39	854	Sempach	47.1349	8.19288	15	47.1242	8.1906	47.1374	8.2117	0	20
174	2	1	462	Kassel	51.3169	9.49219	8	51.279	9.4239	51.3407	9.5368	0	351
479	2	1	754	Oldenburg	53.1448	8.22485	11	53.0607	7.9844	53.1856	8.7782	0	33
480	2	1	937	Achim	53.009	9.05286	13	53.0076	8.778	53.0786	9.0818	0	17
175	2	1	657	Braunschweig	52.2597	10.5307	10	52.2132	10.4569	52.3267	10.6052	0	811
176	2	1	439	Rüsselsheim am Main	49.9881	8.42142	12	49.9818	8.3997	50.0018	8.4563	0	123
177	2	1	592	SAP Walldorf	49.2945	8.62324	12	49.2874	8.6232	49.2956	8.6546	0	103
178	2	1	626	Nürnberg	49.4487	11.0794	11	49.3662	10.9855	49.5271	11.1627	0	1798
179	2	1	829	Erlangen	49.589	11.0065	11	49.5474	10.9493	49.609	11.0397	0	319
180	2	1	966	Fürth	49.4768	10.9876	11	49.4558	10.949	49.5176	11.0408	0	194
181	2	1	967	Schwabach	49.3284	11.022	11	49.322	11.0121	49.3623	11.0521	0	63
182	2	1	607	Leverkusen	51.0341	7.0182	11	50.931	6.9115	51.1053	7.1201	2	616
183	2	1	685	Dresden	51.0707	13.7975	11	50.9851	13.6231	51.154	13.8764	3	1425
185	2	1	1136	Heidenau	50.9751	13.8715	11	50.9613	13.8448	50.9821	13.8942	0	31
186	2	2	789	Palma	39.5713	2.64689	12	39.5519	2.6167	39.6438	2.7151	0	632
187	2	1	706	Eifel e-Bike	50.5771	6.64673	10	50.3858	6.4	50.7999	6.9475	1	86
188	2	1	819	Grünheide (Mark)	52.4247	13.8203	13	52.3832	13.6999	52.4775	13.8253	0	142
192	2	1	879	Gengenbach	48.4103	8.01443	11	48.3959	8.0108	48.4103	8.0196	0	11
33	2	5	1161	Jouy-le-Moutier	49.0113	2.03179	14	49.0113	2.0318	49.012	2.053	0	8
34	2	5	1162	Pontoise	49.05	2.10285	14	49.0331	2.0854	49.0639	2.1119	0	52
204	2	2	1056	Torrent	39.4325	-0.472632	12	39.4186	-0.4892	39.4413	-0.4591	0	81
205	2	10	1150	EVENTbike - Austria	47.8924	16.7953	10	47.8924	16.7953	47.8924	16.7953	0	0
206	2	1	954	Friedrichsdorf	50.2534	8.64342	11	50.2439	8.6347	50.2752	8.676	0	25
207	2	1	955	Neu-Anspach	50.3007	8.51074	11	50.2943	8.4896	50.3137	8.5253	0	15
208	2	1	956	Usingen	50.3353	8.53211	11	50.3286	8.5285	50.3553	8.5361	0	14
209	2	2	772	Urdaibai	43.395	-2.68815	9	43.2047	-2.8647	43.4189	-2.6882	0	17
269	2	18	1118	Zemst	50.9751	4.42948	0	50.9751	4.4295	50.9779	4.4712	0	10
270	2	18	1119	Merchtem	50.9574	4.23272	0	50.9574	4.2327	50.9574	4.2327	0	0
271	2	18	1120	Opwijk	50.9697	4.17926	0	50.9697	4.1793	50.9742	4.193	0	4
272	2	18	1121	Wezembeek-Oppem	50.8396	4.49371	0	50.8396	4.4937	50.8449	4.5003	0	3
273	2	18	1138	Herne (Pajottegem)	50.7239	4.02994	0	50.7239	4.0299	50.7239	4.0299	0	0
274	2	18	1212	Pajottegem	50.7607	4.0242	0	50.7246	3.9714	50.7948	4.1398	0	23
275	2	16	324	Makarska	43.2992	17.0184	14	43.2992	17.0184	43.2992	17.0184	0	0
276	2	16	424	Metković	43.0654	17.642	13	43.0537	17.6285	43.0803	17.6503	0	0
384	2	1	467	Gießen	50.5943	8.68097	12	50.5323	8.6476	50.6595	8.7343	0	328
385	2	45	1046	Hodonín	48.8588	17.1194	12	48.8393	17.0873	48.8643	17.153	0	71
386	2	45	1137	Kolín	50.0281	15.2013	11	50.0009	15.1579	50.0526	15.2337	0	0
387	2	1	438	Marburg	50.8019	8.76444	12	50.7784	8.7506	50.8464	8.7851	0	211
388	2	1	177	Norderstedt	53.6951	9.97627	11	53.6748	9.9763	53.7373	10.0512	0	101
389	2	45	917	Přerov	49.4574	17.4408	11	49.4274	17.3737	49.5144	17.5019	0	0
390	2	45	1032	Jičín	50.4367	15.3743	12	50.4148	15.3445	50.4502	15.3985	0	0
392	2	16	745	Stari Grad	43.1841	16.5886	14	43.181	16.5762	43.1841	16.5917	0	0
393	2	2	951	Ontinyent	38.8204	-0.601501	12	38.8096	-0.6185	38.8274	-0.5832	0	0
394	2	11	148	Wrocław	51.1117	17.0357	12	51.035	16.8656	51.1969	17.1577	0	1304
395	2	11	891	Kobierzyce (WRM)	51.0481	17.0025	12	51.0345	16.9764	51.0528	17.0145	0	29
396	2	11	892	Wisznia (WRM)	51.2479	17.0442	13	51.1036	17.0189	51.2479	17.0502	0	17
397	2	11	893	Kąty Wrocławskie (WRM)	51.0773	16.9133	13	51.0706	16.9081	51.087	16.9369	0	24
398	2	11	1176	Siechnice (WRM)	51.0334	17.1471	13	51.0254	17.0383	51.0571	17.1539	0	25
399	2	11	1177	Czernica (WRM)	51.087	17.1812	13	51.0779	17.1736	51.0945	17.1928	0	17
400	2	8	750	Campia Turzii	46.5489	23.8797	13	46.5349	23.8797	46.5489	23.8885	0	1
278	2	16	798	Pula	44.8622	13.8541	12	44.8385	13.8146	44.9619	13.9417	0	88
283	2	16	1049	Općina Motovun	45.335	13.8278	15	45.334	13.8254	45.3373	13.8334	0	2
321	2	10	993	Laxenburg	48.069	16.3557	13	48.0665	16.3556	48.069	16.3584	0	2
322	2	10	994	Maria Enzersdorf	48.0964	16.2847	13	48.0934	16.2839	48.1012	16.3141	0	7
402	2	1	968	AW-bike (VRM)	50.5798	7.08069	9	50.383	6.9297	50.5798	7.3323	0	79
403	2	1	860	Roche - Mannheim	49.5346	8.47004	12	49.5279	8.4687	49.5346	8.4801	0	48
404	2	8	832	Topoloveni	44.8105	25.0801	13	44.8082	25.0796	44.8495	25.0866	0	0
405	2	8	945	Slatina	44.4299	24.3716	13	44.4259	24.3637	44.4356	24.3883	0	0
406	2	8	978	Slobozia	44.5627	27.3592	13	44.5569	27.3388	44.5697	27.3843	0	0
407	2	16	308	Slavonski Brod	45.1748	18.0148	12	45.1486	17.9974	45.1749	18.0514	0	0
408	2	16	977	Općina Stankovci	43.9023	15.7111	12	43.9016	15.6819	43.9173	15.7111	0	0
409	2	16	723	Zaprešić	45.8622	15.8049	13	45.8443	15.7944	45.8705	15.8137	0	13
410	2	10	199	Innsbruck	47.2632	11.3961	14	47.2539	11.3446	47.5994	12.1785	0	529
411	2	2	701	León	42.6004	-5.57384	12	42.5493	-5.6032	42.6341	-5.5493	0	383
412	2	1	530	Mönchengladbach	51.1817	6.43578	12	51.129	6.3436	51.2247	6.492	0	287
413	2	45	655	Berounsko	49.9616	14.064	13	49.9076	13.971	49.9876	14.1013	0	165
346	2	10	1020	Rossatz-Arnsdorf	48.3944	15.5083	15	48.364	15.429	48.3981	15.5083	0	0
391	2	45	1165	Mikroregion Kahan	49.188	16.3631	11	49.1396	16.3419	49.2194	16.4128	0	0
475	2	114	946	Bristol	51.4587	-2.57355	11	51.4587	-2.5736	51.4996	-2.5345	0	3
476	2	114	947	Bath	51.3814	-2.35519	12	51.381	-2.3637	51.3913	-2.3535	0	4
482	2	45	793	Liberec	50.768	15.0565	9	50.7475	15.0327	50.7902	15.088	0	0
485	2	238	1090	Gothenborg Cargo	57.6902	11.9881	11	57.6902	11.9141	57.7033	11.9881	0	3
486	2	16	327	Zadar	44.1132	15.2356	12	44.0933	15.2108	44.131	15.2597	0	36
487	2	238	658	Göteborg	57.6902	11.9881	11	57.6404	11.9103	57.7549	12.0399	0	964
488	2	11	958	Tychy (GZM)	50.1124	18.9972	13	50.0883	18.9514	50.1599	19.05	0	258
489	2	11	959	Siemianowice Śląskie (GZM)	50.3031	19.0222	10	50.2937	18.9974	50.3463	19.0529	0	125
490	2	11	960	Czeladź (GZM)	50.3151	19.0712	14	50.3019	19.0613	50.3325	19.1044	0	54
491	2	11	961	Gliwice (GZM)	50.2918	18.669	13	50.2479	18.5728	50.3644	18.7329	0	288
492	2	11	962	Katowice (GZM)	50.2594	19.0215	13	50.1745	18.9228	50.2928	19.1076	0	558
493	2	11	963	Sosnowiec (GZM)	50.278	19.1345	14	50.2338	19.0788	50.3124	19.2708	0	349
494	2	11	964	Zabrze (GZM)	50.3115	18.7925	12	50.2604	18.7383	50.3787	18.8368	0	333
495	2	11	965	Chorzów (GZM)	50.296	18.9547	13	50.2625	18.9238	50.3237	18.9972	0	228
527	2	11	1224	Kobiór (GZM)	50.0595	18.9347	14	50.0595	18.9243	50.0658	18.9347	0	5
496	2	11	1061	Bytom (GZM)	50.3523	18.9076	13	50.3205	18.7966	50.4054	18.9576	0	364
497	2	11	1062	Ruda Śląska (GZM)	50.2445	18.8248	13	50.2327	18.8248	50.3282	18.911	0	237
498	2	11	1063	Dąbrowa Górnicza (GZM)	50.3249	19.1747	13	50.3061	19.1696	50.3774	19.2701	0	176
499	2	11	1064	Mysłowice (GZM)	50.2423	19.1385	13	50.1766	19.1029	50.2473	19.2171	0	70
500	2	11	1065	Piekary Śląskie (GZM)	50.3913	18.9578	13	50.3401	18.9383	50.4131	19.0093	0	87
501	2	11	1066	Świętochłowice (GZM)	50.2937	18.9152	13	50.2766	18.8986	50.3149	18.9316	0	104
502	2	11	1067	Bieruń (GZM)	50.0834	19.1348	13	50.0737	19.0876	50.0934	19.1842	0	17
503	2	11	1069	Gierałtowice (GZM)	50.2531	18.7225	13	50.2118	18.7225	50.2531	18.7899	0	17
504	2	11	1070	Knurów (GZM)	50.222	18.6764	13	50.1886	18.622	50.2369	18.6805	0	67
505	2	11	1071	Łaziska Górne (GZM)	50.1427	18.8649	13	50.1294	18.8209	50.1592	18.8757	0	36
506	2	11	1072	Mikołów (GZM)	50.1724	18.8858	13	50.1647	18.8163	50.2233	18.9229	0	56
507	2	11	1073	Pyskowice (GZM)	50.4038	18.6223	13	50.3769	18.5834	50.4096	18.634	0	35
508	2	11	1074	Radzionków (GZM)	50.4001	18.9032	13	50.3872	18.8991	50.404	18.9032	0	11
509	2	11	1075	Siewierz (GZM)	50.479	19.2381	13	50.4562	19.2182	50.479	19.256	0	10
510	2	11	1076	Sławków (GZM)	50.2986	19.389	13	50.2933	19.3663	50.3066	19.4006	0	9
511	2	11	1077	Świerklaniec (GZM)	50.4341	18.947	13	50.4235	18.9082	50.4643	18.947	0	12
512	2	11	1078	Tarnowskie Góry (GZM)	50.4287	18.8156	13	50.4151	18.7925	50.4949	18.8817	0	81
513	2	11	1079	Wojkowice (GZM)	50.3619	19.0414	13	50.3577	19.0173	50.3709	19.061	0	13
514	2	11	1080	Wyry (GZM)	50.135	18.8937	13	50.1039	18.8576	50.135	18.9062	0	11
515	2	11	1081	Zbrosławice (GZM)	50.4165	18.7557	13	50.3478	18.6801	50.4536	18.7687	0	13
516	2	11	1082	Będzin (GZM)	50.325	19.1223	13	50.3123	19.0809	50.3531	19.1616	0	77
517	2	11	1088	Rudziniec (GZM)	50.3841	18.4755	14	50.3325	18.405	50.3999	18.5279	0	7
518	2	11	1089	Chełm Śląski (GZM)	50.1191	19.1862	13	50.1032	19.1862	50.1191	19.2254	0	5
519	2	11	1216	Imielin (GZM)	50.147	19.1853	15	50.142	19.1758	50.1473	19.1854	0	8
520	2	11	1217	Pilchowice (GZM)	50.2155	18.5629	15	50.2155	18.5629	50.2375	18.611	0	10
521	2	11	1218	Lędziny (GZM)	50.1394	19.1317	15	50.1262	19.1246	50.1412	19.1317	0	5
522	2	11	1219	Psary (GZM)	50.3796	19.109	14	50.3685	19.109	50.3818	19.1803	0	4
523	2	11	1220	Bojszowy (GZM)	50.058	19.0948	14	50.0459	19.0647	50.058	19.1008	0	5
524	2	11	1221	Bobrowniki (GZM)	50.3806	18.9892	15	50.3806	18.9892	50.4388	19.0351	0	6
525	2	11	1222	Sośnicowice (GZM)	50.2716	18.5301	16	50.2536	18.5301	50.2716	18.5593	0	10
526	2	11	1223	Mierzęcice (GZM)	50.4442	19.1235	16	50.4442	19.1235	50.4634	19.1294	0	6
441	2	45	1175	Zašová	49.4741	18.0444	11	49.4262	18.0272	49.4816	18.1631	0	11
442	2	45	1178	Vsetín	49.3387	17.9962	11	49.3274	17.9791	49.3493	18.1137	0	84
443	2	45	1179	Rožnov pod Radhoštěm	49.4581	18.1422	11	49.4581	18.1422	49.4581	18.1422	0	0
\.


--
-- Data for Name: countries; Type: TABLE DATA; Schema: public; Owner: postgres
--

COPY public.countries (id, iso, name, currency, timezone, calling_code) FROM stdin;
5	FR	France	EUR	Europe/Berlin	+33
9	SK	Slovakia	EUR	Europe/Warsaw	+421
30	PT	Portugal	EUR	Europe/Lisbon	+351
15	BA	Bosnia and Herzegovina	BAM	Europe/Berlin	+387
34	SI	Slovenia	EUR	Europe/Berlin	+386
53	CY	Cyprus	EUR	Europe/Athens	+357
93	XK	Kosovo	EUR	Europe/Berlin	+383
92	GR	Greece	EUR	Asia/Istanbul	+30
346	FI	Finland	EUR	Europe/Helsinki	+49
8	RO	Romania	RON	Europe/Bucharest	+40
2	ES	Spain	EUR	Europe/Berlin	+34
121	LV	Latvia	EUR	Europe/Riga	+371
39	CH	Switzerland	CHF	Europe/Brussels	+41
374	NL	Netherlands	EUR	Europe/Berlin	+31
114	GB	United Kingdom	GBP	Europe/London	+44
84	IT	Italy	EUR	Europe/Berlin	+49
10	AT	Austria	EUR	Europe/Berlin	+43
45	CZ	Czech Republic	CZK	Europe/Berlin	+420
18	BE	Belgium	EUR	Europe/Berlin	+49
1	DE	Germany	EUR	Europe/Berlin	+49
16	HR	Croatia	EUR	Europe/Berlin	+385
238	SE	Sweden	SEK	Europe/Berlin	+46
11	PL	Poland	PLN	Europe/Warsaw	+48
459	UA	Ukraine	UAH	Europe/Kiev	+380
237	MX	Mexico	MXN	America/Mexico_City	+52
\.


--
-- Data for Name: planning_proposals; Type: TABLE DATA; Schema: public; Owner: postgres
--

COPY public.planning_proposals (id, city_name, lat, lng, radius, score, score_label, stations_in_radius, nearest_station, nearest_distance_m, bus_stops, railway_stations, schools, universities, shops, is_best, created_at) FROM stdin;
\.


--
-- Data for Name: providers; Type: TABLE DATA; Schema: public; Owner: postgres
--

COPY public.providers (id, name, domain) FROM stdin;
1	meinRad	\N
2	Nextbike	nextbike
\.


--
-- Data for Name: station_live_status; Type: TABLE DATA; Schema: public; Owner: postgres
--

COPY public.station_live_status (id, station_id, ts, bikes_available, docks_available, bike_types) FROM stdin;
\.


--
-- Data for Name: stations; Type: TABLE DATA; Schema: public; Owner: postgres
--

COPY public.stations (id, provider_id, city_id, external_place_id, name, lat, lng, capacity, station_number, status, bikes_available, docks_available, updated_at, active) FROM stdin;
1	1	1	71521070	Dyckerhoffstraáe	50.031319	8.262545	\N	42500	\N	\N	\N	\N	t
2	1	1	71521071	Erzbergerstraáe	50.011991	8.229076	\N	42501	\N	\N	\N	\N	t
3	1	1	71723314	Bahnhof Budenheim	50.027014	8.17327	\N	42503	\N	\N	\N	\N	t
4	1	1	71723315	Binger Straáe	50.024891	8.173474	\N	42502	\N	\N	\N	\N	t
5	1	1	74471647	Am Gonsenheimer Wald	50.004795	8.201106	\N	42505	\N	\N	\N	\N	t
6	1	1	74472031	Am Groáberg	49.971746	8.285507	\N	42506	\N	\N	\N	\N	t
7	1	1	74472032	Am Rmerlager	49.993821	8.260525	\N	42507	\N	\N	\N	\N	t
8	1	1	74472033	Am Schinnergraben	49.963506	8.280199	\N	42508	\N	\N	\N	\N	t
9	1	1	74472034	Am Sportfeld	50.007299	8.208225	\N	42509	\N	\N	\N	\N	t
10	1	1	74472035	Am Zollhafen	50.012464	8.265946	\N	42510	\N	\N	\N	\N	t
11	1	1	74472036	An der Philippsschanze	49.990063	8.263731	\N	42511	\N	\N	\N	\N	t
12	1	1	74472037	Antenne Mainz / Martin-Luther-Str.	49.982399	8.279636	\N	42512	\N	\N	\N	\N	t
13	1	1	74472038	Bahnhof Rmisches Theater	49.993541	8.278397	\N	42513	\N	\N	\N	\N	t
14	1	1	74472039	Bahnhof Rmisches Theater 2	49.994696	8.276682	\N	42514	\N	\N	\N	\N	t
15	1	1	74472040	Bahnstraáe	49.981846	8.245534	\N	42515	\N	\N	\N	\N	t
16	1	1	74472041	Bastion Martin	49.994222	8.265903	\N	42516	\N	\N	\N	\N	t
17	1	1	74472042	Bauhofstraáe	50.003316	8.269473	\N	42517	\N	\N	\N	\N	t
18	1	1	74472043	Berliner Straáe	49.980619	8.267426	\N	42518	\N	\N	\N	\N	t
19	1	1	74472044	Berufsschulzentrum	50.005629	8.244287	\N	42519	\N	\N	\N	\N	t
20	1	1	74472045	Bischofsplatz	49.998167	8.271297	\N	42520	\N	\N	\N	\N	t
21	1	1	74472046	Bismarckplatz	50.012721	8.249206	\N	42521	\N	\N	\N	\N	t
22	1	1	74472047	Boppstraáe	50.004664	8.25993374	\N	42522	\N	\N	\N	\N	t
23	1	1	74472048	Brckenplatz	50.003219	8.273928	\N	42523	\N	\N	\N	\N	t
24	1	1	74472049	Buergerhaus Kostheim	50.001612	8.306217	\N	42524	\N	\N	\N	\N	t
25	1	1	74472050	Canisiusstrasse	50.006057	8.216186	\N	42525	\N	\N	\N	\N	t
26	1	1	74472051	Eleonorenstraáe	50.016382	8.273357	\N	42526	\N	\N	\N	\N	t
27	1	1	74472052	Emmerich-Josef-Straáe	49.996899	8.265247	\N	42527	\N	\N	\N	\N	t
28	1	1	74472053	Erbacher Hof	49.998436	8.275876	\N	42528	\N	\N	\N	\N	t
29	1	1	74472054	Ernst-Ludwig-Platz	50.005138	8.268792	\N	42529	\N	\N	\N	\N	t
30	1	1	74472055	Favorite-Parkhotel	49.98996	8.289667	\N	42530	\N	\N	\N	\N	t
31	1	1	74472056	Feldbergstraáe	50.010559	8.260654	\N	42531	\N	\N	\N	\N	t
32	1	1	74472057	Flachsmarkt	50.00252	8.271294	\N	42532	\N	\N	\N	\N	t
33	1	1	74472058	Frauenlobplatz	50.007725	8.263183	\N	42533	\N	\N	\N	\N	t
34	1	1	74472059	Gartenfeldplatz	50.005819	8.25949	\N	42534	\N	\N	\N	\N	t
35	1	1	74472060	Goetheplatz	50.011355	8.254825	\N	42535	\N	\N	\N	\N	t
36	1	1	74472061	Goethestraáe	50.009147	8.252137	\N	42536	\N	\N	\N	\N	t
37	1	1	74472062	Gonsbachgrten	50.008791	8.234894	\N	42537	\N	\N	\N	\N	t
38	1	1	74472063	Groáe Bleiche	50.002631	8.267062	\N	42538	\N	\N	\N	\N	t
39	1	1	74472064	Groáe Langgasse	49.998711	8.26914	\N	42539	\N	\N	\N	\N	t
40	1	1	74472065	Hafenstraáe	50.010207	8.266174	\N	42540	\N	\N	\N	\N	t
41	1	1	74472066	Hauptbahnhof West	50.000392	8.258629	\N	42541	\N	\N	\N	\N	t
42	1	1	74472067	HBF / Bonifaziusstraáe	50.00264	8.25948	\N	42542	\N	\N	\N	\N	t
43	1	1	74472068	HBF / Schottstraáe 1	50.001963	8.260375	\N	42543	\N	\N	\N	\N	t
44	1	1	74472069	HBF / Schottstraáe 2	50.001885	8.26043	\N	42544	\N	\N	\N	\N	t
45	1	1	74472070	Hindenburgplatz	50.006208	8.263618	\N	42545	\N	\N	\N	\N	t
46	1	1	74472071	Hochschule Mainz	49.987935	8.228266	\N	42546	\N	\N	\N	\N	t
47	1	1	74472072	Hfchen	49.99968708	8.2716877	\N	42547	\N	\N	\N	\N	t
48	1	1	74472073	Holzstraáe	49.996151	8.276497	\N	42548	\N	\N	\N	\N	t
49	1	1	74472074	Jugendherberge	49.986414	8.295064	\N	42549	\N	\N	\N	\N	t
50	1	1	74472075	Juxplatz	50.001048	8.20473	\N	42550	\N	\N	\N	\N	t
51	1	1	74472076	Kaisertor	50.009604	8.268905	\N	42551	\N	\N	\N	\N	t
52	1	1	74472077	Kastel Bahnhof	50.007549	8.283273	\N	42552	\N	\N	\N	\N	t
53	1	1	74472079	Kronberger Hof	50.000495	8.268703	\N	42554	\N	\N	\N	\N	t
54	1	1	74472080	Kurfrstliches Schloss	50.007468	8.270419	\N	42555	\N	\N	\N	\N	t
55	1	1	74472081	Kurmainz-Kaserne	49.976283	8.269358	\N	42556	\N	\N	\N	\N	t
56	1	1	74472082	Laubenheim Bahnhof	49.961201	8.313636	\N	42557	\N	\N	\N	\N	t
57	1	1	74472083	Laubenheimer Strasse	49.9757	8.296416	\N	42558	\N	\N	\N	\N	t
58	1	1	74472084	Lessingplatz	50.007855	8.257122	\N	42559	\N	\N	\N	\N	t
59	1	1	74472085	Lessingstraáe	50.006344	8.25508	\N	42560	\N	\N	\N	\N	t
60	1	1	74472086	Ludwig-Nauth-Straáe	49.980523	8.23718	\N	42561	\N	\N	\N	\N	t
61	1	1	74472087	Ludwigsburger Straáe	50.005905	8.239338	\N	42562	\N	\N	\N	\N	t
62	1	1	74472088	Mainzer Mobilitt	50.014656	8.251292	\N	42563	\N	\N	\N	\N	t
63	1	1	74472089	Mainzer Stadtwerke AG	50.01067	8.263784	\N	42564	\N	\N	\N	\N	t
64	1	1	74472090	Malakoff-Terrasse	49.995736	8.282155	\N	42565	\N	\N	\N	\N	t
65	1	1	74472091	Malakoff-Terrasse 2	49.99579	8.281683	\N	42566	\N	\N	\N	\N	t
66	1	1	74472092	meinRad-Werkstatt / Obere Austraáe	50.01979	8.250695	\N	42567	\N	\N	\N	\N	t
67	1	1	74472093	Mombacher Tor	50.010407	8.243872	\N	42568	\N	\N	\N	\N	t
68	1	1	74472094	Mhldreieck	49.959572	8.26807	\N	42569	\N	\N	\N	\N	t
69	1	1	74472095	Mnchfeld	49.99671267	8.23012501	\N	42570	\N	\N	\N	\N	t
70	1	1	74472096	Sparkasse Mainz / Hintere Bleiche	50.000886	8.262712	\N	42571	\N	\N	\N	\N	t
71	1	1	74472097	Nahestraáe / Zollhafen	50.014088	8.258546	\N	42572	\N	\N	\N	\N	t
72	1	1	74472098	Neckarstraáe / Wallaustraáe	50.01128	8.259733	\N	42573	\N	\N	\N	\N	t
73	1	1	74472099	Neutorstraáe	49.994167	8.279175	\N	42574	\N	\N	\N	\N	t
74	1	1	74472100	Pariser Tor	49.985814	8.266917	\N	42575	\N	\N	\N	\N	t
75	1	1	74472101	Poststraáe	49.989222	8.178581	\N	42576	\N	\N	\N	\N	t
76	1	1	74472102	Proviantamt	49.999501	8.265172	\N	42577	\N	\N	\N	\N	t
77	1	1	74472103	Rathaus	50.000519	8.27652	\N	42578	\N	\N	\N	\N	t
78	1	1	74472104	Reduit	50.00605	8.282393	\N	42579	\N	\N	\N	\N	t
79	1	1	74472105	Rmerpassage	50.001679	8.268061	\N	42580	\N	\N	\N	\N	t
80	1	1	74472106	Rmerquelle	49.995621	8.174931	\N	42581	\N	\N	\N	\N	t
81	1	1	74472107	Schott AG / Nordbahnhof	50.019397	8.24673	\N	42582	\N	\N	\N	\N	t
82	1	1	74472108	Smmerringstraáe	50.012415	8.256019	\N	42583	\N	\N	\N	\N	t
83	1	1	74472109	Stadthaus	50.002232	8.260978	\N	42584	\N	\N	\N	\N	t
84	1	1	74472110	Stadtpark	49.993004	8.282681	\N	42585	\N	\N	\N	\N	t
85	1	1	74472111	Synagoge	50.008235	8.259133	\N	42586	\N	\N	\N	\N	t
86	1	1	74472112	Taubertsbergbad	50.000307	8.255863	\N	42587	\N	\N	\N	\N	t
87	1	1	74472113	Turnvater-Jahn-Straáe	49.983336	8.239993	\N	42588	\N	\N	\N	\N	t
88	1	1	74472114	Uni / Forum	49.99441	8.244186	\N	42589	\N	\N	\N	\N	t
89	1	1	74472115	Uni / Haupteingang	49.996494	8.246821	\N	42590	\N	\N	\N	\N	t
90	1	1	74472116	Uni / Mensa	49.991919	8.234822	\N	42591	\N	\N	\N	\N	t
91	1	1	74472117	Uni / Muschel	49.992595	8.241162	\N	42592	\N	\N	\N	\N	t
92	1	1	74472118	Universittsmedizin Sd	49.990317	8.256717	\N	42593	\N	\N	\N	\N	t
93	1	1	74472119	Uni / Wittichweg	49.994348	8.23713	\N	42594	\N	\N	\N	\N	t
94	1	1	74472120	Volkspark	49.985752	8.289842	\N	42595	\N	\N	\N	\N	t
95	1	1	74472121	Weinlager / Zollhafen	50.014	8.263634	\N	42596	\N	\N	\N	\N	t
96	1	1	74472122	Weinprobierstand	49.999123	8.306297	\N	42597	\N	\N	\N	\N	t
97	1	1	74472123	Wiener Platz	50.005935	8.294045	\N	42598	\N	\N	\N	\N	t
98	1	1	74472124	Wilhelm-Raabe-Straáe	50.003488	8.213176	\N	42599	\N	\N	\N	\N	t
99	1	1	74472126	Zitadellenweg / Bahnhof Rmisches Theater	49.992564	8.278429	\N	42601	\N	\N	\N	\N	t
100	1	1	74473016	Mhlweg	49.985258	8.253869	\N	42602	\N	\N	\N	\N	t
101	1	1	74473017	Friedrich-Ebert-Straáe	49.97849	8.29384	\N	42633	\N	\N	\N	\N	t
102	1	1	74473018	Ricarda-Huch-Straáe	49.997308	8.236934	\N	42603	\N	\N	\N	\N	t
103	1	1	74473019	Krongarten	50.009636	8.217847	\N	42634	\N	\N	\N	\N	t
104	1	1	74473020	Suderstraáe	50.017769	8.229665	\N	42604	\N	\N	\N	\N	t
105	1	1	74473021	Hechtsheimer Straáe	49.988392	8.279353	\N	42635	\N	\N	\N	\N	t
106	1	1	74473022	Sdwestrundfunk / Am Fort Gonsenheim	50.003952	8.247983	\N	42605	\N	\N	\N	\N	t
107	1	1	74473023	Wilhelm-Quetsch-Straáe / zum Gutenberg Center	49.97028	8.236138	\N	42636	\N	\N	\N	\N	t
108	1	1	74473024	Hochheimer Straáe	50.006676	8.289219	\N	42606	\N	\N	\N	\N	t
109	1	1	74473025	Gonsenheimer Straáe	50.020938	8.178058	\N	42637	\N	\N	\N	\N	t
110	1	1	74473026	Rathaus Budenheim	50.02156	8.165721	\N	42607	\N	\N	\N	\N	t
111	1	1	74473027	Tanzplatz	49.982897	8.302903	\N	42638	\N	\N	\N	\N	t
112	1	1	74473028	Rilkeallee	49.955142	8.19607	\N	42608	\N	\N	\N	\N	t
113	1	1	74473029	Hebbelstraáe / Brgerhaus Lerchenberg	49.957169	8.189822	\N	42639	\N	\N	\N	\N	t
114	1	1	74473030	Am Sonnigen Hang	49.963144	8.232427	\N	42609	\N	\N	\N	\N	t
115	1	1	74473031	Hindemithstraáe	49.958622	8.198494	\N	42640	\N	\N	\N	\N	t
116	1	1	74473032	Budenheim Golfplatz	50.026435	8.194549	\N	42610	\N	\N	\N	\N	t
117	1	1	74473033	Brgerhaus Budenheim / Waldschwimmbad	50.018374	8.159908	\N	42641	\N	\N	\N	\N	t
118	1	1	74473034	Eaubonner Straáe	50.018705	8.170548	\N	42611	\N	\N	\N	\N	t
119	1	1	74473035	Budenheimer Volksbank	50.022925	8.170055	\N	42642	\N	\N	\N	\N	t
120	1	1	74473036	Friedrich-Ebert-Platz	49.96705	8.344268	\N	42612	\N	\N	\N	\N	t
121	1	1	74473037	Altrhein / Fhre	49.963326	8.343593	\N	42643	\N	\N	\N	\N	t
122	1	1	74473038	Ballou-Platz	49.974846	8.337927	\N	42613	\N	\N	\N	\N	t
123	1	1	74473039	TIGZ	49.992955	8.319763	\N	42644	\N	\N	\N	\N	t
124	1	1	74473040	Friedhof Gustavsburg	49.996472	8.334139	\N	42614	\N	\N	\N	\N	t
125	1	1	74473041	Fritz-Bauer-Platz	49.997065	8.323349	\N	42645	\N	\N	\N	\N	t
126	1	1	74473042	Gustavsburg Bahnhof	49.994555	8.314148	\N	42615	\N	\N	\N	\N	t
127	1	1	74473043	In der Nachtweid	49.971611	8.345444	\N	42646	\N	\N	\N	\N	t
128	1	1	74473044	Adam-Opel-Straáe	49.988083	8.324806	\N	42616	\N	\N	\N	\N	t
129	1	1	74473045	Bebelstraáe / Stresemannstraáe	49.99775	8.31775	\N	42647	\N	\N	\N	\N	t
130	1	1	74473046	Menzelstraáe	49.964404	8.187531	\N	42617	\N	\N	\N	\N	t
131	1	1	74473047	Sdring	49.972987	8.238677	\N	42648	\N	\N	\N	\N	t
132	1	1	74473048	Binger Schlag	49.998082	8.256077	\N	42618	\N	\N	\N	\N	t
133	1	1	74473049	LBBW / Rheinallee	50.015972	8.254247	\N	42649	\N	\N	\N	\N	t
134	1	1	74473050	Turmstraáe / Waggonfabrik	50.014188	8.233843	\N	42619	\N	\N	\N	\N	t
135	1	1	74473051	Wilhelm-Theodor-Rmheld-Str.	49.98062	8.29015	\N	42650	\N	\N	\N	\N	t
136	1	1	74473052	Hauptfriedhof	49.995866	8.252596	\N	42620	\N	\N	\N	\N	t
137	1	1	74473053	Albert-Stohr-Straáe	49.978148	8.249376	\N	42651	\N	\N	\N	\N	t
138	1	1	74473054	Ortsverwaltung Mombach	50.022634	8.224686	\N	42621	\N	\N	\N	\N	t
139	1	1	74473055	Schwimmbad Mombach	50.012979	8.21816	\N	42652	\N	\N	\N	\N	t
140	1	1	74473056	Emrichruhstraáe	50.019992	8.221492	\N	42622	\N	\N	\N	\N	t
141	1	1	74473057	Mombach Bahnhof	50.02159	8.228762	\N	42653	\N	\N	\N	\N	t
142	1	1	74473058	Dr.-Martin-Luther-King-Weg	49.999747	8.246484	\N	42623	\N	\N	\N	\N	t
143	1	1	74473059	Kirsteinstraáe	49.990625	8.250502	\N	42654	\N	\N	\N	\N	t
144	1	1	74473060	Mombach Westring	50.016568	8.217775	\N	42624	\N	\N	\N	\N	t
145	1	1	74473061	Hugo-Eckener-Straáe / Karlsbader Straáe	50.00603	8.225536	\N	42655	\N	\N	\N	\N	t
146	1	1	74473062	Max-Planck-Straáe / Viermorgenweg	49.998643	8.194755	\N	42625	\N	\N	\N	\N	t
147	1	1	74473063	Marc-Chagall-Straáe	49.972022	8.190241	\N	42656	\N	\N	\N	\N	t
148	1	1	74473064	Curt-Goetz-Straáe / An den Platzckern	49.974945	8.196199	\N	42626	\N	\N	\N	\N	t
149	1	1	74473065	Ortsverwaltung Ebersheim	49.913372	8.244151	\N	42657	\N	\N	\N	\N	t
150	1	1	74473066	Backhaushohl	49.988943	8.244433	\N	42627	\N	\N	\N	\N	t
151	1	1	74473067	Daniel-Brendel-Straáe	49.979721	8.193356	\N	42658	\N	\N	\N	\N	t
152	1	1	74473068	Tngeshof	49.915838	8.254801	\N	42628	\N	\N	\N	\N	t
153	1	1	74473069	Gutenberg Center - Eingang C	49.968078	8.228153	\N	42659	\N	\N	\N	\N	t
154	1	1	74473070	Gutenberg Center - Eingang A	49.96694	8.230034	\N	42629	\N	\N	\N	\N	t
155	1	1	74473071	Brgerhaus Finthen	49.985151	8.178292	\N	42660	\N	\N	\N	\N	t
156	1	1	74473073	Brgerhaus Hechtsheim	49.95766	8.275326	\N	42630	\N	\N	\N	\N	t
157	1	1	74473074	ZDF / Sendezentrum 2	49.961655	8.214281	\N	42661	\N	\N	\N	\N	t
158	1	1	74473075	ZDF / Sendezentrum 1	49.962281	8.207161	\N	42631	\N	\N	\N	\N	t
159	1	1	74473076	Impfzentrum / An der Bruchspitze	50.005081	8.230593	\N	42662	\N	\N	\N	\N	t
160	1	1	74473077	Mnsterplatz	49.999945	8.263751	\N	42632	\N	\N	\N	\N	t
161	1	1	86323060	Neckarstraáe II	49.964278	8.351361	\N	42756	\N	\N	\N	\N	t
162	1	1	87678098	Marienhaus Klinikum Mainz	49.98862	8.26988	\N	42663	\N	\N	\N	\N	t
163	1	1	87678230	Zitadelle	49.993313	8.273351	\N	42664	\N	\N	\N	\N	t
164	1	1	93476664	Am Lindequartier - whrend Mainbrckensperrung	50.002432	8.296864	\N	42757	\N	\N	\N	\N	t
165	1	1	99038375	Reisinger Weg / Universittsmedizin	49.993889	8.25551	\N	42758	\N	\N	\N	\N	t
166	1	1	99038856	Helmholtzweg / Universittsmedizin	49.992017	8.259295	\N	42759	\N	\N	\N	\N	t
167	1	1	99039004	Sirius GutenbergPark	49.95663048	8.25529418	\N	42761	\N	\N	\N	\N	t
168	1	1	99040633	Universittsmedizin Haupteingang	49.993256	8.259366	\N	42760	\N	\N	\N	\N	t
169	1	1	107182231	MEWA ARENA	49.98609	8.22517	\N	42762	\N	\N	\N	\N	t
170	1	1	162218613	Alte Mainzer Str. - NUR fr Lastenrad, KEINE klassischen Rder!	49.961444	8.280694	\N	42763	\N	\N	\N	\N	t
171	1	1	165353979	Fischtorplatz	49.999894	8.276467	\N	42764	\N	\N	\N	\N	t
172	1	1	165354102	Am Rmerlager	49.993901	8.260476	\N	42765	\N	\N	\N	\N	t
173	1	1	165354509	Auenstraáe / Ingelheimer Aue	50.024902	8.238479	\N	42767	\N	\N	\N	\N	t
174	1	1	165355001	Isaac-Fulda-Alle	49.994022	8.222331	\N	42770	\N	\N	\N	\N	t
175	1	1	165355230	Jakob-Heinz-Str. / Campusbrcke	49.989806	8.226917	\N	42771	\N	\N	\N	\N	t
176	1	1	209228533	Ernst-Reuter-Straáe	49.962726	8.318887	\N	42772	\N	\N	\N	\N	t
177	1	1	209609180	An der Goldgrube	49.987738	8.271972	\N	42768	\N	\N	\N	\N	t
178	1	1	209609612	Elly-Beinhorn-Straáe	49.978053	8.276287	\N	42769	\N	\N	\N	\N	t
179	1	1	223607831	Haltestelle Darmstdter Straáe	49.983794	8.359507	\N	42778	\N	\N	\N	\N	t
180	1	1	223608340	Bischofsheim Bahnhof (Bahnhofsplatz & An der Bahn)	49.992449	8.357958	\N	42776	\N	\N	\N	\N	t
181	1	1	223610983	Rmerstraáe / Klinikerteich	49.987943	8.350091	\N	42783	\N	\N	\N	\N	t
182	1	1	223612523	Haltestelle Rheinstraáe	49.98823	8.35561	\N	42779	\N	\N	\N	\N	t
183	1	1	223615658	Haltestelle Am Mainweg	49.99128	8.35152	\N	42780	\N	\N	\N	\N	t
184	1	1	223616276	Haltestelle An den Sportsttten	49.97726	8.3472	\N	42781	\N	\N	\N	\N	t
185	1	1	223616641	Bcklersiedlung / Ulmenstraáe	49.99447	8.36118	\N	42782	\N	\N	\N	\N	t
186	1	1	223622524	Brgerhaus Bischofsheim	49.984768	8.362685	\N	42784	\N	\N	\N	\N	t
187	1	1	223656761	Green Fit / Green Deli	49.974373	8.23711	\N	42785	\N	\N	\N	\N	t
188	1	1	224375031	Bahnhof Kastel - DB Mobility Hub 1	50.007108	8.28278	\N	42786	\N	\N	\N	\N	t
189	1	1	228323696	Bahnhof Kastel - DB Mobility Hub 2	50.00602207	8.28357339	\N	42787	\N	\N	\N	\N	t
190	1	1	287734136	Kunsthalle / Zollhafen	50.012152	8.261673	\N	42777	\N	\N	\N	\N	t
191	1	1	318706527	HBF / DB Mobility Hub	50.000732	8.259949	\N	42788	\N	\N	\N	\N	t
192	1	1	444344630	Am Mombacher Kreisel	50.0259735	8.22092772	\N	42811	\N	\N	\N	\N	t
193	1	1	452538987	Kantstraáe	49.995466	8.238678	\N	42814	\N	\N	\N	\N	t
\.


--
-- Name: cities_id_seq; Type: SEQUENCE SET; Schema: public; Owner: postgres
--

SELECT pg_catalog.setval('public.cities_id_seq', 27427, true);


--
-- Name: countries_id_seq; Type: SEQUENCE SET; Schema: public; Owner: postgres
--

SELECT pg_catalog.setval('public.countries_id_seq', 12811, true);


--
-- Name: planning_proposals_id_seq; Type: SEQUENCE SET; Schema: public; Owner: postgres
--

SELECT pg_catalog.setval('public.planning_proposals_id_seq', 1, false);


--
-- Name: providers_id_seq; Type: SEQUENCE SET; Schema: public; Owner: postgres
--

SELECT pg_catalog.setval('public.providers_id_seq', 2, true);


--
-- Name: station_live_status_id_seq; Type: SEQUENCE SET; Schema: public; Owner: postgres
--

SELECT pg_catalog.setval('public.station_live_status_id_seq', 1, false);


--
-- Name: stations_id_seq; Type: SEQUENCE SET; Schema: public; Owner: postgres
--

SELECT pg_catalog.setval('public.stations_id_seq', 193, true);


--
-- Name: cities cities_pkey; Type: CONSTRAINT; Schema: public; Owner: postgres
--

ALTER TABLE ONLY public.cities
    ADD CONSTRAINT cities_pkey PRIMARY KEY (id);


--
-- Name: countries countries_iso_key; Type: CONSTRAINT; Schema: public; Owner: postgres
--

ALTER TABLE ONLY public.countries
    ADD CONSTRAINT countries_iso_key UNIQUE (iso);


--
-- Name: countries countries_pkey; Type: CONSTRAINT; Schema: public; Owner: postgres
--

ALTER TABLE ONLY public.countries
    ADD CONSTRAINT countries_pkey PRIMARY KEY (id);


--
-- Name: planning_proposals planning_proposals_pkey; Type: CONSTRAINT; Schema: public; Owner: postgres
--

ALTER TABLE ONLY public.planning_proposals
    ADD CONSTRAINT planning_proposals_pkey PRIMARY KEY (id);


--
-- Name: providers providers_pkey; Type: CONSTRAINT; Schema: public; Owner: postgres
--

ALTER TABLE ONLY public.providers
    ADD CONSTRAINT providers_pkey PRIMARY KEY (id);


--
-- Name: station_live_status station_live_status_pkey; Type: CONSTRAINT; Schema: public; Owner: postgres
--

ALTER TABLE ONLY public.station_live_status
    ADD CONSTRAINT station_live_status_pkey PRIMARY KEY (id);


--
-- Name: stations stations_external_place_id_key; Type: CONSTRAINT; Schema: public; Owner: postgres
--

ALTER TABLE ONLY public.stations
    ADD CONSTRAINT stations_external_place_id_key UNIQUE (external_place_id);


--
-- Name: stations stations_pkey; Type: CONSTRAINT; Schema: public; Owner: postgres
--

ALTER TABLE ONLY public.stations
    ADD CONSTRAINT stations_pkey PRIMARY KEY (id);


--
-- Name: ix_cities_id; Type: INDEX; Schema: public; Owner: postgres
--

CREATE INDEX ix_cities_id ON public.cities USING btree (id);


--
-- Name: ix_cities_uid; Type: INDEX; Schema: public; Owner: postgres
--

CREATE UNIQUE INDEX ix_cities_uid ON public.cities USING btree (uid);


--
-- Name: ix_countries_id; Type: INDEX; Schema: public; Owner: postgres
--

CREATE INDEX ix_countries_id ON public.countries USING btree (id);


--
-- Name: ix_planning_proposals_id; Type: INDEX; Schema: public; Owner: postgres
--

CREATE INDEX ix_planning_proposals_id ON public.planning_proposals USING btree (id);


--
-- Name: ix_providers_id; Type: INDEX; Schema: public; Owner: postgres
--

CREATE INDEX ix_providers_id ON public.providers USING btree (id);


--
-- Name: ix_station_live_status_id; Type: INDEX; Schema: public; Owner: postgres
--

CREATE INDEX ix_station_live_status_id ON public.station_live_status USING btree (id);


--
-- Name: ix_station_live_status_station_id; Type: INDEX; Schema: public; Owner: postgres
--

CREATE INDEX ix_station_live_status_station_id ON public.station_live_status USING btree (station_id);


--
-- Name: ix_stations_id; Type: INDEX; Schema: public; Owner: postgres
--

CREATE INDEX ix_stations_id ON public.stations USING btree (id);


--
-- Name: cities cities_country_id_fkey; Type: FK CONSTRAINT; Schema: public; Owner: postgres
--

ALTER TABLE ONLY public.cities
    ADD CONSTRAINT cities_country_id_fkey FOREIGN KEY (country_id) REFERENCES public.countries(id);


--
-- Name: cities cities_provider_id_fkey; Type: FK CONSTRAINT; Schema: public; Owner: postgres
--

ALTER TABLE ONLY public.cities
    ADD CONSTRAINT cities_provider_id_fkey FOREIGN KEY (provider_id) REFERENCES public.providers(id);


--
-- Name: station_live_status station_live_status_station_id_fkey; Type: FK CONSTRAINT; Schema: public; Owner: postgres
--

ALTER TABLE ONLY public.station_live_status
    ADD CONSTRAINT station_live_status_station_id_fkey FOREIGN KEY (station_id) REFERENCES public.stations(id);


--
-- Name: stations stations_city_id_fkey; Type: FK CONSTRAINT; Schema: public; Owner: postgres
--

ALTER TABLE ONLY public.stations
    ADD CONSTRAINT stations_city_id_fkey FOREIGN KEY (city_id) REFERENCES public.cities(id);


--
-- Name: stations stations_provider_id_fkey; Type: FK CONSTRAINT; Schema: public; Owner: postgres
--

ALTER TABLE ONLY public.stations
    ADD CONSTRAINT stations_provider_id_fkey FOREIGN KEY (provider_id) REFERENCES public.providers(id);


--
-- PostgreSQL database dump complete
--

\unrestrict sPwQ5sNjM2GEPGdaxOEgjzhoS6RkFdbcVdfFaGfTKuPsF6NyTuWH6tpW7HAUfTe

